Date,Votable Supply,Circulating Supply,F,IVS
2024-12-01,104721724.3,1343235515.8,0.91504,188432963.5648958
2024-12-02,104637478.4,1343235515.8,1.003012,213435751.31722808
2024-12-03,104624325.5,1343235515.8,1.004406,213832226.47822738
2024-12-04,104675042.2,1343235515.8,0.971142,204041421.84030217
2024-12-05,104781365.8,1343235515.8,0.94142,195770986.05559528
2024-12-06,104934580.4,1343235515.8,0.939154,195424536.49976373
2024-12-07,105126459.1,1343235515.8,0.921554,190926581.88787538
2024-12-08,105349467.8,1343235515.8,0.886228,181935320.38561988
2024-12-09,105596943.3,1343235515.8,0.871841,178666578.90652284
2024-12-10,105862981.6,1343235515.8,0.838259,170785664.58584774
2024-12-11,106142402.0,1343235515.8,0.858546,176223271.10214406
2024-12-12,106430686.2,1343235515.8,0.899399,187280634.1697387
2024-12-13,106723870.9,1343235515.8,0.942425,199692392.95705813
2024-12-14,107018492.1,1343235515.8,0.940822,199787508.62364468
2024-12-15,107311697.1,1343235515.8,0.921478,194878553.31237334
2024-12-16,107600969.5,1343235515.8,0.91811,194467367.19848114
2024-12-17,107884302.2,1343235515.8,0.920855,195746771.12356442
2024-12-18,108160044.8,1343235515.8,0.923134,196888566.9087303
2024-12-19,108426882.9,1343235515.8,0.917175,195702498.388068
2024-12-20,108683848.6,1343235515.8,0.901033,191694207.65008885
2024-12-21,108930239.1,1343235515.8,0.890197,189177306.75300097
2024-12-22,109165585.6,1343235515.8,0.879529,186718515.3786267
2024-12-23,109389633.4,1343235515.8,0.929488,200952105.87213558
2024-12-24,109602280.6,1343235515.8,0.954,208516840.33656418
2024-12-25,109803598.7,1343235515.8,0.965466,212345110.8152875
2024-12-26,109993750.5,1343235515.8,0.959904,211035344.3800081
2024-12-27,110173001.0,1343235515.8,0.94803,207830940.80977997
2024-12-28,110341655.8,1343235515.8,0.949429,208567107.0887221
2024-12-29,110500122.4,1343235515.8,0.937093,205221462.20455775
2024-12-30,110648818.6,1343235515.8,0.919428,200374811.57448155
2024-12-31,109009268.6,1343235515.8,0.901381,192365004.2362322
2025-01-01,108992020.1,1431400540.6,0.913421,195552732.4887436
2025-01-02,108844077.8,1431400540.6,0.930295,200026008.05174232
2025-01-03,108661129.0,1431400540.6,0.985259,215876903.17224938
2025-01-04,108481440.5,1431400540.6,1.026506,228435185.73535788
2025-01-05,108326998.1,1431400540.6,1.008066,222264178.56563994
2025-01-06,108208204.2,1431400540.6,0.989505,216277497.66531974
2025-01-07,108128003.0,1431400540.6,0.976897,212296724.55707443
2025-01-08,108085080.3,1431400540.6,0.982316,213847122.12255904
2025-01-09,108075747.9,1431400540.6,0.976373,212037378.9482047
2025-01-10,108095207.3,1431400540.6,0.971805,210707676.31359947
2025-01-11,108138405.1,1431400540.6,0.943546,202511506.9457013
2025-01-12,108200420.5,1431400540.6,0.921979,196517408.95019802
2025-01-13,108276770.5,1431400540.6,0.970907,210791125.32199034
2025-01-14,108363492.1,1431400540.6,1.020071,226132043.10883832
2025-01-15,108457223.2,1431400540.6,1.027847,228815714.77345687
2025-01-16,108555131.4,1431400540.6,1.015065,224937191.91161433
2025-01-17,108654914.3,1431400540.6,1.007792,222845962.62596783
2025-01-18,108754737.8,1431400540.6,1.005816,222428437.61811817
2025-01-19,108853135.1,1431400540.6,0.997981,220179879.20272326
2025-01-20,108949026.0,1431400540.6,0.995138,219489482.478871
2025-01-21,109041585.5,1431400540.6,0.977939,214396193.8085027
2025-01-22,109130222.5,1431400540.6,0.960377,209296423.22382367
2025-01-23,109214570.2,1431400540.6,0.948983,206099099.09922227
2025-01-24,109294394.5,1431400540.6,1.002935,222618281.96071288
2025-01-25,109369593.3,1431400540.6,1.047214,237077336.17033374
2025-01-26,109440166.7,1431400540.6,1.041917,235475241.45833716
2025-01-27,109506175.7,1431400540.6,1.028467,231211107.65685195
2025-01-28,109567763.2,1431400540.6,1.015853,227272223.56937844
2025-01-29,109625081.7,1431400540.6,1.009756,225445785.9543724
2025-01-30,111651955.0,1431400540.6,0.975672,218805165.16724294
2025-01-31,111856197.0,1431400540.6,0.959018,214092265.8527034
2025-02-01,112142239.8,1519565565.4,0.971795,218404120.72325486
2025-02-02,112394997.8,1519565565.4,0.947496,211517139.25492316
2025-02-03,112679349.4,1519565565.4,0.974108,220153538.04384097
2025-02-04,112996730.9,1519565565.4,1.037413,241238362.28837964
2025-02-05,113344483.4,1519565565.4,1.05315,247321081.77177033
2025-02-06,113716626.3,1519565565.4,1.040266,243719307.73677874
2025-02-07,114106078.8,1519565565.4,1.010164,234484569.21502593
2025-02-08,114505801.1,1519565565.4,0.997833,231267281.37386578
2025-02-09,114909272.6,1519565565.4,1.003273,233850391.88256595
2025-02-10,115310849.1,1519565565.4,0.990176,230388731.2608223
2025-02-11,115705793.1,1519565565.4,0.967291,223846856.88785627
2025-02-12,116090263.7,1519565565.4,0.946964,218232258.41817743
2025-02-13,116461234.9,1519565565.4,0.915116,209268717.4253156
2025-02-14,116816475.7,1519565565.4,0.93252,215143536.41102
2025-02-15,117154406.8,1519565565.4,0.991373,234435744.4344507
2025-02-16,117473999.1,1519565565.4,1.012474,242119739.18208855
2025-02-17,117774743.4,1519565565.4,1.002647,239422006.45974538
2025-02-18,118056466.4,1519565565.4,0.983537,233643653.14461687
2025-02-19,118319412.6,1519565565.4,0.991062,236648413.0737465
2025-02-20,118563948.8,1519565565.4,0.991779,237373319.76033515
2025-02-21,118790788.2,1519565565.4,0.977017,232943327.5521209
2025-02-22,119000623.5,1519565565.4,0.949777,224556331.83174384
2025-02-23,119194341.2,1519565565.4,0.934018,219957233.62053305
2025-02-24,119372858.1,1519565565.4,0.912901,213778964.80592534
2025-02-25,119537132.0,1519565565.4,0.920662,216444898.30604944
2025-02-26,119688079.8,1519565565.4,0.979976,235673411.40099406
2025-02-27,119826669.3,1519565565.4,1.002663,243573794.39745823
2025-02-28,119953787.0,1519565565.4,0.995504,241399138.2967546
2025-03-01,119642518.3,1607730590.1999998,1.004051,243438702.0254056
2025-03-02,119658106.2,1607730590.1999998,0.997167,241146267.63891944
2025-03-03,119669252.1,1607730590.1999998,0.987751,238020221.45392847
2025-03-04,119697880.8,1607730590.1999998,0.977579,234714152.27449548
2025-03-05,119755046.6,1607730590.1999998,0.963892,230363303.0792532
2025-03-06,119843388.1,1607730590.1999998,0.95109,226422123.98509997
2025-03-07,119961000.2,1607730590.1999998,0.93169,220532579.6935196
2025-03-08,120103695.6,1607730590.1999998,0.937718,222675001.81437764
2025-03-09,120266319.0,1607730590.1999998,0.995601,241826012.8699538
2025-03-10,120443613.3,1607730590.1999998,1.024528,252112350.954179
2025-03-11,120630647.6,1607730590.1999998,1.014153,248891379.69132775
2025-03-12,120823040.8,1607730590.1999998,0.998538,243926859.32359684
2025-03-13,121017053.9,1607730590.1999998,0.986746,240326650.5484301
2025-03-14,121209579.5,1607730590.1999998,0.988313,241231524.17131108
2025-03-15,121398162.4,1607730590.1999998,0.978109,238179874.98114985
2025-03-16,121580917.6,1607730590.1999998,0.959198,232291447.65116197
2025-03-17,121756388.2,1607730590.1999998,0.934539,224683951.51041108
2025-03-18,121923596.3,1607730590.1999998,0.895917,213022030.22535262
2025-03-19,122081879.6,1607730590.1999998,0.937602,226251967.61419478
2025-03-20,122230891.6,1607730590.1999998,1.002383,248057905.8593297
2025-03-21,122370510.1,1607730590.1999998,1.008673,250519832.35257566
2025-03-22,122500765.7,1607730590.1999998,1.002424,248613332.4469502
2025-03-23,122621841.8,1607730590.1999998,0.978017,240521273.14269388
2025-03-24,122734054.2,1607730590.1999998,0.97852,240908479.55808282
2025-03-25,122837749.3,1607730590.1999998,0.94822,231067519.54651982
2025-03-26,122933365.2,1607730590.1999998,0.929154,225108101.20573908
2025-03-27,123021319.6,1607730590.1999998,0.906909,218283655.18831113
2025-03-28,123102111.7,1607730590.1999998,0.879985,210229313.98935056
2025-03-29,123176189.8,1607730590.1999998,0.898354,215917201.06624657
2025-03-30,123244012.4,1607730590.1999998,0.950221,232477048.99230087
2025-03-31,124857378.7,1607730590.1999998,0.969618,241997586.07154202
2025-04-01,125025024.9,1695895614.9999998,0.980879,246010710.80127716
2025-04-02,125209196.3,1695895614.9999998,0.963568,240489827.2698918
2025-04-03,125450696.4,1695895614.9999998,0.943608,234303624.433173
2025-04-04,125743758.8,1695895614.9999998,0.949533,236799658.84921712
2025-04-05,126079193.8,1695895614.9999998,0.932081,231671142.59327883
2025-04-06,126446161.1,1695895614.9999998,0.903193,223053858.36863238
2025-04-07,126834075.3,1695895614.9999998,0.893253,220595634.52605194
2025-04-08,127233379.8,1695895614.9999998,0.877514,216385723.19312012
2025-04-09,127635995.5,1695895614.9999998,0.8864,219808440.9412084
2025-04-10,128035289.9,1695895614.9999998,0.955492,243058767.469828
2025-04-11,128425985.4,1695895614.9999998,0.977737,251485328.795069
2025-04-12,128803996.7,1695895614.9999998,0.958087,245385269.52694494
2025-04-13,129166216.3,1695895614.9999998,0.939269,239649881.44784153
2025-04-14,129510515.0,1695895614.9999998,0.930356,237280754.0204394
2025-04-15,129835384.8,1695895614.9999998,0.934262,239179502.6460851
2025-04-16,130139990.4,1695895614.9999998,0.912608,232509583.1428535
2025-04-17,130423924.2,1695895614.9999998,0.903763,230104493.32480684
2025-04-18,130687227.0,1695895614.9999998,0.889619,225971977.96127605
2025-04-19,130930245.2,1695895614.9999998,0.8691,219854589.43593526
2025-04-20,131153528.9,1695895614.9999998,0.910178,233483452.01639965
2025-04-21,131357883.0,1695895614.9999998,0.959512,250682648.53585237
2025-04-22,131544173.5,1695895614.9999998,0.950593,247912990.1338105
2025-04-23,131713429.4,1695895614.9999998,0.945329,246398466.49070495
2025-04-24,131866679.7,1695895614.9999998,0.928554,240917702.58246273
2025-04-25,132005004.4,1695895614.9999998,0.926881,240597568.638466
2025-04-26,132129513.8,1695895614.9999998,0.907099,234166839.89720878
2025-04-27,132241247.4,1695895614.9999998,0.899117,231718135.97319162
2025-04-28,132341254.4,1695895614.9999998,0.889825,228842302.53935027
2025-04-29,132430533.2,1695895614.9999998,0.859545,219291504.42222357
2025-04-30,133410950.0,1695895614.9999998,0.862625,221853899.70165795
2025-05-01,133545331.8,1759417769.583333,0.927283,243423127.25118256
2025-05-02,133679683.1,1759417769.583333,0.94866,251092626.53762922
2025-05-03,133850793.2,1759417769.583333,0.9458,250402410.5565608
2025-05-04,134054474.9,1759417769.583333,0.923745,243116898.1445551
2025-05-05,134285542.4,1759417769.583333,0.911142,239229347.71766293
2025-05-06,134537230.7,1759417769.583333,0.921433,243180271.22625667
2025-05-07,134802734.1,1759417769.583333,0.898366,235820339.5650273
2025-05-08,135075817.5,1759417769.583333,0.88534,231949011.72629416
2025-05-09,135351091.4,1759417769.583333,0.882135,231350566.9776609
2025-05-10,135624134.1,1759417769.583333,0.869334,227605106.3285343
2025-05-11,135891298.2,1759417769.583333,0.871003,228586395.1797288
2025-05-12,136149792.2,1759417769.583333,0.904759,240297447.43321747
2025-05-13,136397466.3,1759417769.583333,0.922553,246870139.27066162
2025-05-14,136632782.3,1759417769.583333,0.927431,248998154.1460923
2025-05-15,136854690.6,1759417769.583333,0.911517,243844246.28660655
2025-05-16,137062559.6,1759417769.583333,0.901499,240758983.71726555
2025-05-17,137256165.2,1759417769.583333,0.894051,238550233.97200447
2025-05-18,137435456.4,1759417769.583333,0.873685,232006367.83369446
2025-05-19,137600688.0,1759417769.583333,0.865663,229622362.96940237
2025-05-20,137752257.2,1759417769.583333,0.853817,225988204.68610194
2025-05-21,137890755.1,1759417769.583333,0.840482,221902196.20932883
2025-05-22,138016762.2,1759417769.583333,0.859001,228104969.2444672
2025-05-23,138131012.3,1759417769.583333,0.909421,245347548.939668
2025-05-24,138234238.7,1759417769.583333,0.929763,252701595.99411285
2025-05-25,138327215.8,1759417769.583333,0.92349,250637786.59407675
2025-05-26,138410697.6,1759417769.583333,0.898597,242080550.5887745
2025-05-27,138485427.8,1759417769.583333,0.89156,239790875.34871635
2025-05-28,138552139.8,1759417769.583333,0.883118,237027786.03902164
2025-05-29,138611536.8,1759417769.583333,0.873472,233873753.75276682
2025-05-30,139687488.0,1759417769.583333,0.850008,227820386.61112374
2025-05-31,139807810.1,1759417769.583333,0.834994,223111645.14004606
2025-06-01,139962527.5,1822939924.1666665,0.836392,223823369.78198093
2025-06-02,140117805.3,1822939924.1666665,0.856943,230791193.308398
2025-06-03,140302312.8,1822939924.1666665,0.917278,251840414.6554975
2025-06-04,140512759.4,1822939924.1666665,0.94352,261703398.99424195
2025-06-05,140745171.7,1822939924.1666665,0.928303,256580502.70727134
2025-06-06,140994598.3,1822939924.1666665,0.904342,248460621.4404073
2025-06-07,141255812.5,1822939924.1666665,0.898912,246997271.85385513
2025-06-08,141523954.7,1822939924.1666665,0.903137,248946179.52885062
2025-06-09,141794715.2,1822939924.1666665,0.892121,245531672.23757416
2025-06-10,142064426.3,1822939924.1666665,0.880532,241949050.51884782
2025-06-11,142330031.7,1822939924.1666665,0.85429,233422815.8206887
2025-06-12,142589065.6,1822939924.1666665,0.837071,228086901.25615352
2025-06-13,142839643.4,1822939924.1666665,0.891034,246916001.5942484
2025-06-14,143080267.4,1822939924.1666665,0.940652,265332827.24477416
2025-06-15,143309898.3,1822939924.1666665,0.927406,260840145.6901825
2025-06-16,143527792.4,1822939924.1666665,0.911557,255435136.85191533
2025-06-17,143733572.9,1822939924.1666665,0.888854,247654535.1373911
2025-06-18,143927005.3,1822939924.1666665,0.896208,250598851.5095255
2025-06-19,144108150.8,1822939924.1666665,0.881876,245818069.65344834
2025-06-20,144277121.4,1822939924.1666665,0.866463,240709969.4276401
2025-06-21,144434253.4,1822939924.1666665,0.845708,233847614.28357315
2025-06-22,144579944.1,1822939924.1666665,0.811209,222609670.50272733
2025-06-23,144714651.9,1822939924.1666665,0.82284,226625808.13716468
2025-06-24,144838855.8,1822939924.1666665,0.891813,250576980.6607734
2025-06-25,144953146.5,1822939924.1666665,0.921372,261542285.63641083
2025-06-26,145058054.0,1822939924.1666665,0.910344,257666279.6172637
2025-06-27,145154189.5,1822939924.1666665,0.886361,249159958.03905028
2025-06-28,145242082.7,1822939924.1666665,0.872554,244414249.96821648
2025-06-29,144376832.9,1822939924.1666665,0.854717,236824679.23037636
2025-06-30,144385238.1,1822939924.1666665,0.836862,230790156.52814978
2025-07-01,144349824.1,1886462078.7499995,0.840213,231881832.0627705
2025-07-02,144279515.6,1886462078.7499995,0.824453,226546046.2256891
2025-07-03,144213262.0,1886462078.7499995,0.80634,220563901.02560285
2025-07-04,144162657.4,1886462078.7499995,0.844438,233010691.11603588
2025-07-05,144133926.8,1886462078.7499995,0.907948,255112957.04025635
2025-07-06,144128771.6,1886462078.7499995,0.920149,259541894.9286298
2025-07-07,144146285.1,1886462078.7499995,0.914423,257482325.49928537
2025-07-08,144183991.4,1886462078.7499995,0.897537,251457623.77008623
2025-07-09,144238712.0,1886462078.7499995,0.902888,253468872.0068024
2025-07-10,144307207.0,1886462078.7499995,0.876954,244388861.17527625
2025-07-11,144386236.6,1886462078.7499995,0.878737,245142535.91345787
2025-07-12,144472876.7,1886462078.7499995,0.863107,239852846.13617575
2025-07-13,144564600.7,1886462078.7499995,0.853634,236752286.11765432
2025-07-14,144659157.0,1886462078.7499995,0.847984,234979913.35410345
2025-07-15,144754772.9,1886462078.7499995,0.885026,247966384.20839489
2025-07-16,144849950.7,1886462078.7499995,0.931572,265039744.2985105
2025-07-17,144943467.8,1886462078.7499995,0.93691,267203224.32674497
2025-07-18,145034468.4,1886462078.7499995,0.925018,262932727.53235734
2025-07-19,145122198.7,1886462078.7499995,0.90212,254701921.50639793
2025-07-20,145206159.3,1886462078.7499995,0.91238,258579665.0937218
2025-07-21,145285993.7,1886462078.7499995,0.894161,252112144.23011976
2025-07-22,145361508.4,1886462078.7499995,0.882476,248069558.18012005
2025-07-23,145432550.4,1886462078.7499995,0.871903,244458673.35226357
2025-07-24,145499089.3,1886462078.7499995,0.838356,233024400.42034113
2025-07-25,145561206.5,1886462078.7499995,0.829204,230046888.63610923
2025-07-26,145618993.7,1886462078.7499995,0.898047,254075760.53846502
2025-07-27,145672542.7,1886462078.7499995,0.932579,266889459.98148954
2025-07-28,145722046.9,1886462078.7499995,0.935022,267896562.7227937
2025-07-29,145017393.1,1886462078.7499995,0.913421,258632480.5296418
2025-07-30,145007347.5,1886462078.7499995,0.90391,255153169.84523046
2025-07-31,144964740.7,1886462078.7499995,0.90578,255757753.3748455
2025-08-01,144902205.7,1949984233.3333328,0.90243,254438795.3032804
2025-08-02,144819314.9,1949984233.3333328,0.884966,248078851.85285905
2025-08-03,144752287.0,1949984233.3333328,0.876533,245010111.4022117
2025-08-04,144707642.5,1949984233.3333328,0.855557,237703996.47206128
2025-08-05,144688468.3,1949984233.3333328,0.874957,244357051.45119482
2025-08-06,144693990.3,1949984233.3333328,0.939322,267610033.7736376
2025-08-07,144721610.4,1949984233.3333328,0.952619,272667470.05678165
2025-08-08,144767671.1,1949984233.3333328,0.934989,266124963.02492458
2025-08-09,144828484.2,1949984233.3333328,0.920872,261013632.2969789
2025-08-10,144900433.0,1949984233.3333328,0.909386,256948314.23914593
2025-08-11,144980267.4,1949984233.3333328,0.896909,252589312.17269158
2025-08-12,145065257.0,1949984233.3333328,0.87387,244587591.73576355
2025-08-13,145153079.0,1949984233.3333328,0.875859,245424855.9831889
2025-08-14,145241838.2,1949984233.3333328,0.865946,242116768.24463338
2025-08-15,145330026.9,1949984233.3333328,0.846719,235668489.5986619
2025-08-16,145416493.8,1949984233.3333328,0.886904,249749685.0921476
2025-08-17,145500332.2,1949984233.3333328,0.940764,269600060.3422892
2025-08-18,145580890.0,1949984233.3333328,0.93196,266442268.4732957
2025-08-19,145657729.1,1949984233.3333328,0.92377,263532200.84347528
2025-08-20,145730533.7,1949984233.3333328,0.906766,257416371.02844316
2025-08-21,145799110.2,1949984233.3333328,0.936267,268444281.29733837
2025-08-22,145863417.8,1949984233.3333328,0.92551,264538929.79429507
2025-08-23,145923456.7,1949984233.3333328,0.911564,259498428.1052849
2025-08-24,145979287.8,1949984233.3333328,0.899866,255335685.8852295
2025-08-25,146031074.2,1949984233.3333328,0.860645,241535031.98656243
2025-08-26,146078897.4,1949984233.3333328,0.882061,249121209.6957396
2025-08-27,146122981.6,1949984233.3333328,0.94269,271450415.2679148
2025-08-28,148957887.9,1949984233.3333328,0.969155,286955241.37564313
2025-08-29,149166235.8,1949984233.3333328,0.951636,280437360.1240548
2025-08-30,149473327.3,1949984233.3333328,0.938311,275815740.37480557
2025-08-31,149837747.6,1949984233.3333328,0.919822,269375162.40270895
2025-09-01,150228962.7,2013506387.916666,0.932223,274770659.9387203
2025-09-02,150631527.5,2013506387.916666,0.920699,271063050.319315
2025-09-03,151047357.2,2013506387.916666,0.903195,265153430.7664917
2025-09-04,151469371.1,2013506387.916666,0.880939,257584072.56049776
2025-09-05,151893086.5,2013506387.916666,0.860036,250650776.547675
2025-09-06,152314407.7,2013506387.916666,0.883015,259733700.88143152
2025-09-07,152729656.7,2013506387.916666,0.95203,287037026.55331826
2025-09-08,153135583.5,2013506387.916666,0.959947,290963148.7665183
2025-09-09,153529396.6,2013506387.916666,0.938383,283056334.0126491
2025-09-10,153908752.8,2013506387.916666,0.905604,270929007.3257371
2025-09-11,154271889.3,2013506387.916666,0.916291,275687623.8591428
2025-09-12,154617430.9,2013506387.916666,0.890846,266481932.8493461
2025-09-13,154944409.7,2013506387.916666,0.892399,267619207.06839496
2025-09-14,155252336.7,2013506387.916666,0.878376,262806994.08107948
2025-09-15,155541018.2,2013506387.916666,0.853853,254131558.3892973
2025-09-16,155810535.7,2013506387.916666,0.842021,250217337.76155734
2025-09-17,156061225.6,2013506387.916666,0.887997,267796082.36383635
2025-09-18,156293668.5,2013506387.916666,0.942728,289778752.2889376
2025-09-19,156508516.4,2013506387.916666,0.942551,290095904.9586929
2025-09-20,156706564.0,2013506387.916666,0.927321,284309352.649473
2025-09-21,156888626.4,2013506387.916666,0.904907,275744054.2360873
2025-09-22,157055691.9,2013506387.916666,0.911946,278802307.6558229
2025-09-23,157208646.7,2013506387.916666,0.90236,275291412.50342715
2025-09-24,157348438.4,2013506387.916666,0.887699,269820451.4650027
2025-09-25,157475953.4,2013506387.916666,0.871873,263960146.97780395
2025-09-26,157592129.0,2013506387.916666,0.848986,255535357.9488852
2025-09-27,157373185.5,2013506387.916666,0.836367,250541964.08289564
2025-09-28,157450421.9,2013506387.916666,0.893365,272187798.7792669
2025-09-29,157505713.1,2013506387.916666,0.942292,291796339.70244217
2025-09-30,157544682.8,2013506387.916666,0.935499,289099856.06513137
2025-10-01,157571701.8,2077028542.4999995,0.925105,284872844.93453765
2025-10-02,157584956.6,2077028542.4999995,0.911549,279502182.56867015
2025-10-03,157613147.2,2077028542.4999995,0.916359,281456354.00074744
2025-10-04,157659289.4,2077028542.4999995,0.893134,272415393.2297281
2025-10-05,157725502.2,2077028542.4999995,0.885946,269744804.8381936
2025-10-06,157811612.5,2077028542.4999995,0.86572,262167176.9076975
2025-10-07,157915969.9,2077028542.4999995,0.843128,253896401.49639165
2025-10-08,158036129.0,2077028542.4999995,0.869542,263972347.90262312
2025-10-09,158169104.9,2077028542.4999995,0.921494,284468696.7172165
2025-10-10,158311932.7,2077028542.4999995,0.933609,289606195.53511137
2025-10-11,158461719.0,2077028542.4999995,0.919361,284122596.80105555
2025-10-12,158615784.4,2077028542.4999995,0.89404,274360700.50297767
2025-10-13,158771754.9,2077028542.4999995,0.892803,274136751.9905694
2025-10-14,158927542.0,2077028542.4999995,0.891029,273702230.9234775
2025-10-15,159081454.6,2077028542.4999995,0.884028,271229040.88679636
2025-10-16,159232025.4,2077028542.4999995,0.871289,266555804.6368174
2025-10-17,159378154.1,2077028542.4999995,0.853989,260204876.4456022
2025-10-18,159518954.5,2077028542.4999995,0.833599,252807216.36479828
2025-10-19,159653754.1,2077028542.4999995,0.862014,263680856.27961028
2025-10-20,159782094.3,2077028542.4999995,0.930323,290871608.6767944
2025-10-21,159903690.0,2077028542.4999995,0.92371,288390756.59485555
2025-10-22,160018347.5,2077028542.4999995,0.918219,286364467.44479454
2025-10-23,160126077.1,2077028542.4999995,0.909626,283087886.04631704
2025-10-24,160226878.8,2077028542.4999995,0.902055,280231085.9722389
2025-10-25,160320895.1,2077028542.4999995,0.886495,274231523.5398419
2025-10-26,160408289.2,2077028542.4999995,0.867848,267117392.64420462
2025-10-27,156880394.4,2077028542.4999995,0.862525,259492625.98461592
2025-10-28,156729242.8,2077028542.4999995,0.845289,252876985.25865817
2025-10-29,156439603.7,2077028542.4999995,0.846674,252940766.8798152
2025-10-30,156064750.7,2077028542.4999995,0.890623,268804401.2472117
2025-10-31,155644010.3,2077028542.4999995,0.937056,286256440.0860071
2025-11-01,155204197.6,2140550697.0833323,0.942547,287681205.2021757
2025-11-02,154756122.4,2140550697.0833323,0.92857,281355365.00379723
2025-11-03,154341026.2,2140550697.0833323,0.926078,279659087.72432995
2025-11-04,153966214.0,2140550697.0833323,0.934021,282118663.1337644
2025-11-05,153635017.3,2140550697.0833323,0.921312,276589208.27280515
2025-11-06,153346896.1,2140550697.0833323,0.916628,274290493.6952951
2025-11-07,153099069.1,2140550697.0833323,0.908541,270779294.84928846
2025-11-08,152887899.2,2140550697.0833323,0.89063,263685195.54486847
2025-11-09,152709341.5,2140550697.0833323,0.875049,257642516.30244398
2025-11-10,152559382.0,2140550697.0833323,0.920092,274276168.8777439
2025-11-11,152434312.1,2140550697.0833323,0.963538,291084067.4331008
2025-11-12,152330729.1,2140550697.0833323,0.96166,290143886.5971019
2025-11-13,152245586.6,2140550697.0833323,0.958404,288691082.29168224
2025-11-14,152176225.7,2140550697.0833323,0.953867,286765063.66125154
2025-11-15,152120302.8,2140550697.0833323,0.960618,289344855.84748626
2025-11-16,152075729.6,2140550697.0833323,0.945728,283377332.0938109
2025-11-17,152040845.4,2140550697.0833323,0.929276,276915267.2436032
2025-11-18,152014081.1,2140550697.0833323,0.900982,266115538.75112438
2025-11-19,151994102.1,2140550697.0833323,0.873202,255835147.11205655
2025-11-20,151979838.7,2140550697.0833323,0.875063,256489409.13461488
2025-11-21,151970251.6,2140550697.0833323,0.932007,277847229.8707541
2025-11-22,151964566.6,2140550697.0833323,0.972552,293839120.0598128
2025-11-23,151962060.4,2140550697.0833323,0.96736,291748969.22476125
2025-11-24,151962152.0,2140550697.0833323,0.950293,284969106.3068748
2025-11-25,151964271.2,2140550697.0833323,0.938034,280174177.902192
2025-11-26,153754779.1,2140550697.0833323,0.940278,284210759.4717374
2025-11-27,153869925.7,2140550697.0833323,0.925536,278633022.8609773
2025-11-28,154052915.2,2140550697.0833323,0.902265,269987119.03849334
2025-11-29,154278043.0,2140550697.0833323,0.886644,264457041.46704656
2025-11-30,154525482.8,2140550697.0833323,0.859426,254782923.90881094
2025-12-01,154781154.7,2204072851.666666,0.878186,262287134.71971953
2025-12-02,155026567.1,2204072851.666666,0.939485,286237732.4531687
2025-12-03,155284429.4,2204072851.666666,0.964591,296787964.02470374
2025-12-04,155551104.5,2204072851.666666,0.957003,294189939.42701614
2025-12-05,155825237.3,2204072851.666666,0.939885,287797921.3580285
2025-12-06,156104749.4,2204072851.666666,0.935963,286724415.7696047
2025-12-07,156387195.8,2204072851.666666,0.934533,286647557.28410655
2025-12-08,156669957.9,2204072851.666666,0.917236,280297329.1862235
2025-12-09,156950662.1,2204072851.666666,0.891519,270799266.8385221
2025-12-10,157226852.9,2204072851.666666,0.868377,262480040.98539782
2025-12-11,157496482.6,2204072851.666666,0.839087,252087126.9669153
2025-12-12,157757737.6,2204072851.666666,0.881147,268141057.3682568
2025-12-13,158009161.0,2204072851.666666,0.934056,289283741.18793035
2025-12-14,158249530.2,2204072851.666666,0.947495,295156892.9991342
2025-12-15,158478030.2,2204072851.666666,0.921713,285148013.46483296
2025-12-16,158694100.7,2204072851.666666,0.911667,281524761.6425683
2025-12-17,158897344.3,2204072851.666666,0.923841,286717889.8326348
2025-12-18,159087710.1,2204072851.666666,0.922961,286691881.5767976
2025-12-19,159265238.8,2204072851.666666,0.923053,287033465.0065569
2025-12-20,159430154.5,2204072851.666666,0.91085,282440418.68185353
2025-12-21,159582844.5,2204072851.666666,0.891492,275075530.2206017
2025-12-22,159723726.3,2204072851.666666,0.884946,272759077.07382965
2025-12-23,159853329.9,2204072851.666666,0.932589,291905802.73778844
2025-12-24,159972215.5,2204072851.666666,0.960919,303810321.6753583
2025-12-25,160080953.8,2204072851.666666,0.948787,298956542.17894024
2025-12-26,155235454.9,2204072851.666666,0.955932,293188807.01320666
2025-12-27,155015726.9,2204072851.666666,0.952626,291463480.79028535
2025-12-28,154602678.5,2204072851.666666,0.951459,290257577.32264364
2025-12-29,154069094.0,2204072851.666666,0.946822,287461112.6187012
2025-12-30,153471497.3,2204072851.666666,0.922136,276767804.76666653
2025-12-31,152849958.5,2204072851.666666,0.89965,267181909.21456054
2026-01-01,152231414.9,2267595006.2499995,0.893883,264296468.50390399
2026-01-02,151594950.4,2267595006.2499995,0.927406,275822626.32227564
2026-01-03,150997628.8,2267595006.2499995,0.987921,298493175.6972807
2026-01-04,150452083.4,2267595006.2499995,1.016134,308974775.3304622
2026-01-05,149965323.7,2267595006.2499995,0.988766,296910979.849493
2026-01-06,149538602.8,2267595006.2499995,0.97728,291551207.84640014
2026-01-07,149169628.4,2267595006.2499995,0.980738,292241631.2484231
2026-01-08,148854091.0,2267595006.2499995,0.981718,292048576.51930845
2026-01-09,148586651.8,2267595006.2499995,0.966697,285677434.188815
2026-01-10,148361788.9,2267595006.2499995,0.957828,281849221.969795
2026-01-11,148174010.9,2267595006.2499995,0.936081,273264338.32791054
2026-01-12,148018244.2,2267595006.2499995,0.920956,267375289.5961371
2026-01-13,147889883.5,2267595006.2499995,0.954689,279811750.14471304
2026-01-14,147784853.8,2267595006.2499995,1.011872,302087799.67367375
2026-01-15,147699589.1,2267595006.2499995,1.018102,304448136.359722
2026-01-16,147630982.0,2267595006.2499995,0.998343,296366550.8059439
2026-01-17,147576363.3,2267595006.2499995,0.9914,293508468.84327507
2026-01-18,147533491.5,2267595006.2499995,1.001533,297454866.25363016
2026-01-19,147500430.9,2267595006.2499995,0.98148,289465570.17430675
2026-01-20,147475480.1,2267595006.2499995,0.964927,282997882.4952239
2026-01-21,147457253.5,2267595006.2499995,0.951541,277852234.81772447
2026-01-22,147444559.1,2267595006.2499995,0.918909,265664834.02473807
2026-01-23,147436418.7,2267595006.2499995,0.907433,261473763.5826493
2026-01-24,147431925.8,2267595006.2499995,0.945127,275383491.3205086
2026-01-25,151703393.2,2267595006.2499995,0.989074,300275184.09975207
2026-01-26,152029281.8,2267595006.2499995,0.980519,297419016.4537275
2026-01-27,152554318.4,2267595006.2499995,0.953096,287438533.9879594
2026-01-28,153210425.7,2267595006.2499995,0.940339,283585855.51979774
2026-01-29,153943759.3,2267595006.2499995,0.938129,283993212.8326346
2026-01-30,154715135.4,2267595006.2499995,0.92383,279739948.6956921
2026-01-31,155497188.7,2267595006.2499995,0.904198,273481532.3234197
2026-02-01,156271570.3,2331117160.833333,0.911162,277703788.6489006
2026-02-02,156955817.3,2331117160.833333,0.887514,269772787.7066889
2026-02-03,157607808.6,2331117160.833333,0.879388,267730222.02772456
2026-02-04,158230845.1,2331117160.833333,0.949244,296122049.56087625
2026-02-05,158830734.1,2331117160.833333,0.996362,316839117.2411418
2026-02-06,159411265.7,2331117160.833333,1.002868,320728154.5285095
2026-02-07,159974670.9,2331117160.833333,0.97824,311272453.530645
2026-02-08,160521948.3,2331117160.833333,0.955805,302863532.80373174
2026-02-09,161053332.1,2331117160.833333,0.941845,298030612.5867738
2026-02-10,161568445.4,2331117160.833333,0.926017,292447959.96856844
2026-02-11,162066666.8,2331117160.833333,0.901359,283364925.406575
2026-02-12,162547252.5,2331117160.833333,0.895058,281642623.621535
2026-02-13,163009448.5,2331117160.833333,0.885174,278476610.40106183
2026-02-14,163452643.7,2331117160.833333,0.900494,285281479.46018916
2026-02-15,163876318.3,2331117160.833333,0.959958,310601818.8521689
2026-02-16,164280166.7,2331117160.833333,0.976775,318565237.6622806
2026-02-17,164664117.7,2331117160.833333,0.978744,320129393.55260473
2026-02-18,165028222.2,2331117160.833333,0.962028,313560020.7521163
2026-02-19,165372683.9,2331117160.833333,0.96366,314884912.11180866
2026-02-20,165697889.9,2331117160.833333,0.953464,311084801.7969589
2026-02-21,166004258.1,2331117160.833333,0.937796,304954583.9824052
2026-02-22,166292470.9,2331117160.833333,0.92988,302113759.487578
2026-02-23,166563088.8,2331117160.833333,0.915678,296634624.5104341
2026-02-24,165784305.9,2331117160.833333,0.8941,286494858.6733197
2026-02-25,165925310.0,2331117160.833333,0.905273,291277732.67610383
2026-02-26,166000743.1,2331117160.833333,0.958711,313881667.8407673
2026-02-27,166027456.5,2331117160.833333,0.989876,327565208.14109635
2026-02-28,166019387.5,2331117160.833333,0.977751,322199450.1856954
2026-03-01,165987376.3,2394639315.4166665,0.975001,321033733.3638105
2026-03-02,165860900.5,2394639315.4166665,0.972078,319530339.6348006
2026-03-03,165717043.6,2394639315.4166665,0.968547,317737609.37321424
2026-03-04,165570334.1,2394639315.4166665,0.9602,313875425.12265956
2026-03-05,165433812.8,2394639315.4166665,0.947346,308151358.37633777
2026-03-06,165315446.8,2394639315.4166665,0.936465,303359841.67120135
2026-03-07,165219555.8,2394639315.4166665,0.903136,289453425.8812844
2026-03-08,165147668.2,2394639315.4166665,0.932578,301446966.49470663
2026-03-09,165099559.7,2394639315.4166665,1.000372,330550326.6913341
2026-03-10,165073702.1,2394639315.4166665,1.009232,334449823.4861206
2026-03-11,165067976.4,2394639315.4166665,0.994459,327872891.25551856
2026-03-12,165079774.3,2394639315.4166665,0.971228,317744325.7303432
2026-03-13,165106446.9,2394639315.4166665,0.967487,316177815.5250865
2026-03-14,165145406.4,2394639315.4166665,0.957522,311972546.1542934
2026-03-15,165194166.9,2394639315.4166665,0.948473,308209582.98952734
2026-03-16,165250527.8,2394639315.4166665,0.93671,303350948.8427556
2026-03-17,165312471.8,2394639315.4166665,0.92039,296667848.31003654
2026-03-18,165378246.6,2394639315.4166665,0.916261,295076242.1639849
2026-03-19,165446425.8,2394639315.4166665,0.972898,319133324.8429452
2026-03-20,165515684.9,2394639315.4166665,1.016438,338539942.1870731
2026-03-21,165585025.5,2394639315.4166665,1.003381,332810785.2336149
2026-03-22,165653571.4,2394639315.4166665,0.985012,324803361.43909055
2026-03-23,165720629.9,2394639315.4166665,0.965011,316215422.08692205
2026-03-24,165785650.7,2394639315.4166665,0.968903,318015807.3264808
2026-03-25,165848226.4,2394639315.4166665,0.935884,304031387.41981256
2026-03-26,164436025.2,2394639315.4166665,0.92032,295172060.29355097
2026-03-27,164389974.7,2394639315.4166665,0.910393,291042042.4347935
2026-03-28,164275785.8,2394639315.4166665,0.901468,287246413.812063
2026-03-29,164115159.3,2394639315.4166665,0.906288,288928370.62834096
2026-03-30,163925700.3,2394639315.4166665,0.955959,309146508.78858304
2026-03-31,163720429.3,2394639315.4166665,1.007463,331074064.62982285
2026-04-01,163508719.3,2458161470.0,1.028584,340240122.7822346
2026-04-02,163229461.9,2458161470.0,1.012786,332656969.8902254
2026-04-03,162953770.3,2458161470.0,1.007329,329727154.45227194
2026-04-04,162689448.6,2458161470.0,0.998691,325452037.2534741
2026-04-05,162445503.3,2458161470.0,0.980526,317166284.0233162
2026-04-06,162227334.1,2458161470.0,0.969699,312171418.9446529
2026-04-07,162037650.9,2458161470.0,0.944019,301125059.3248408
2026-04-08,161877309.7,2458161470.0,0.92528,293209860.6267794
2026-04-09,161745780.6,2458161470.0,0.923643,292330554.8677056
2026-04-10,161641698.3,2458161470.0,0.969274,310945954.8642428
2026-04-11,161563106.8,2458161470.0,1.009485,328038763.04343224
2026-04-12,161507662.9,2458161470.0,1.01791,331624445.32375944
2026-04-13,161472880.5,2458161470.0,1.00398,325471985.83275425
2026-04-14,161456212.7,2458161470.0,0.998954,323264027.20997816
2026-04-15,161455275.4,2458161470.0,1.008053,327210151.71712923
2026-04-16,161467664.2,2458161470.0,0.987706,318450155.9178748
2026-04-17,161491259.9,2458161470.0,0.958112,306009713.32840526
2026-04-18,161524065.8,2458161470.0,0.949456,302480824.0354147
2026-04-19,161564247.9,2458161470.0,0.92009,290601515.4985591
2026-04-20,161610216.9,2458161470.0,0.941247,299254275.7332493
2026-04-21,161660587.2,2458161470.0,1.013114,329811283.0924852
2026-04-22,161714095.4,2458161470.0,1.039009,341398654.9951514
2026-04-23,161769641.2,2458161470.0,1.033601,339086919.5514153
2026-04-24,161826348.5,2458161470.0,1.009337,328472896.491005
2026-04-25,162423710.9,2458161470.0,1.008469,329224400.58334494
2026-04-26,162515180.2,2458161470.0,1.001226,326230252.2360723
2026-04-27,162629297.7,2458161470.0,0.986301,319978448.910844
2026-04-28,162757515.7,2458161470.0,0.972446,314285727.50428784
2026-04-29,162892692.2,2458161470.0,0.961001,309685070.0841397
2026-04-30,163029539.6,2458161470.0,0.939463,300944831.7151352
2026-05-01,163164216.9,2488981331.583333,0.966011,312420211.8276012
2026-05-02,163260739.5,2488981331.583333,1.026604,338965259.08688426
2026-05-03,163346829.5,2488981331.583333,1.040213,345259169.331884
2026-05-04,163426236.0,2488981331.583333,1.022793,337582425.01403606
2026-05-05,163502861.1,2488981331.583333,0.994912,325437253.72420394
2026-05-06,163579201.0,2488981331.583333,1.010177,332273942.4936025
2026-05-07,163656671.8,2488981331.583333,0.996804,326547257.322888
2026-05-08,163735945.8,2488981331.583333,0.987442,322622941.5586839
2026-05-09,163817074.1,2488981331.583333,0.966397,313741450.1300732
2026-05-10,163899669.6,2488981331.583333,0.950978,307380071.7131982
2026-05-11,163983171.7,2488981331.583333,0.950667,307394376.77124333
2026-05-12,164066806.3,2488981331.583333,1.013291,334578565.59641814
2026-05-13,164149860.2,2488981331.583333,1.059538,355714538.20695937
2026-05-14,164231589.6,2488981331.583333,1.050435,351682026.6803409
2026-05-15,164311271.2,2488981331.583333,1.036888,345651776.52513576
2026-05-16,164388344.6,2488981331.583333,1.015658,336245003.47224313
2026-05-17,164462331.0,2488981331.583333,1.029657,342671803.6778938
2026-05-18,164532802.5,2488981331.583333,1.013152,335403417.1127228
2026-05-19,164599524.8,2488981331.583333,1.00564,332194264.38030094
2026-05-20,164662243.1,2488981331.583333,0.991515,326097581.1733014
2026-05-21,164720916.7,2488981331.583333,0.961659,313325492.15669215
2026-05-22,164775433.6,2488981331.583333,0.975099,319178030.9553756
2026-05-23,164825875.1,2488981331.583333,1.042085,349037688.9814898
2026-05-24,164872251.6,2488981331.583333,1.066792,360562274.1137731
2026-05-25,168282564.9,2488981331.583333,1.050225,359717280.054368
2026-05-26,168528873.8,2488981331.583333,1.021861,347012487.2220297
2026-05-27,168907170.4,2488981331.583333,1.015689,344908011.59006584
2026-05-28,169371281.8,2488981331.583333,1.009254,342849252.4059601
2026-05-29,169882044.8,2488981331.583333,0.983019,331930305.9845906
2026-05-30,170409852.6,2488981331.583333,0.982502,332664836.2545289
2026-05-31,170933503.6,2488981331.583333,0.97015,328087292.1328054
2026-06-01,171438612.2,2519801193.166667,0.948564,319541865.58469397
2026-06-02,171886402.2,2519801193.166667,0.967579,328739944.1058228
2026-06-03,172302201.3,2519801193.166667,1.029297,357876692.13992137
2026-06-04,172685612.3,2519801193.166667,1.04392,365590561.7165048
2026-06-05,173039691.6,2519801193.166667,1.026752,358112849.73321885
2026-06-06,173367047.4,2519801193.166667,1.006454,349207428.7441643
2026-06-07,173669849.7,2519801193.166667,0.994954,344437258.0811471
2026-06-08,173949922.2,2519801193.166667,0.990001,342670104.67379236
2026-06-09,174208640.3,2519801193.166667,0.975973,336708431.00736296
2026-06-10,174447094.2,2519801193.166667,0.96467,332000842.27199125
2026-06-11,174666200.8,2519801193.166667,0.951289,326364133.62252325
2026-06-12,174866785.2,2519801193.166667,0.934622,319297310.8862027
2026-06-13,175049530.3,2519801193.166667,0.961481,331628922.4398446
2026-06-14,175215250.9,2519801193.166667,1.0214,359798599.29486346
2026-06-15,175364680.6,2519801193.166667,1.028968,363713549.52199835
2026-06-16,175498695.6,2519801193.166667,1.000002,350213323.89206916
2026-06-17,175618100.9,2519801193.166667,0.977345,339897490.5552521
2026-06-18,175723813.2,2519801193.166667,0.979608,341134125.5248854
2026-06-19,175816719.1,2519801193.166667,0.962854,333616438.4631932
2026-06-20,175897837.2,2519801193.166667,0.954071,329773491.3066738
2026-06-21,175968013.2,2519801193.166667,0.952826,329333795.31061375
2026-06-22,176028245.6,2519801193.166667,0.942731,324895626.30208814
2026-06-23,176079420.7,2519801193.166667,0.93971,323631641.32657015
2026-06-24,174725546.8,2519801193.166667,0.989155,343714347.4931617
2026-06-25,174673872.4,2519801193.166667,1.038617,366997168.7607845
2026-06-26,174558267.4,2519801193.166667,1.025775,360608640.83750105
2026-06-27,174399148.7,2519801193.166667,1.003952,349991619.0661114
2026-06-28,174213907.6,2519801193.166667,0.988647,342533665.123591
2026-06-29,174015727.5,2519801193.166667,0.98587,340889322.17596126
2026-06-30,173814073.3,2519801193.166667,0.993736,344142674.02319694
2026-07-01,173615557.0,2550621054.7500005,0.988984,341663335.58865
2026-07-02,173395808.6,2550621054.7500005,0.968231,331826990.415782
2026-07-03,173186492.8,2550621054.7500005,0.958848,327250809.12728477
2026-07-04,172991491.5,2550621054.7500005,0.941523,319248693.815745
2026-07-05,172814726.9,2550621054.7500005,0.991669,341419097.6446124
2026-07-06,172658185.8,2550621054.7500005,1.035296,361474645.74037284
2026-07-07,172522479.5,2550621054.7500005,1.027859,357689375.3212448
2026-07-08,172407210.7,2550621054.7500005,0.992644,341112887.79691684
2026-07-09,172311299.4,2550621054.7500005,0.977441,334032127.53899217
2026-07-10,172233196.9,2550621054.7500005,0.980406,335229642.2053402
2026-07-11,172171171.4,2550621054.7500005,0.971832,331257393.343384
2026-07-12,172123348.2,2550621054.7500005,0.964701,327984776.0627239
2026-07-13,172087934.2,2550621054.7500005,0.940938,317449857.46980476
2026-07-14,172063136.2,2550621054.7500005,0.923816,310002084.5193396
2026-07-15,172047364.9,2550621054.7500005,0.942404,318020054.5416988
2026-07-16,172039132.9,2550621054.7500005,1.007169,347103632.0010969
2026-07-17,172037146.2,2550621054.7500005,1.02804,356831433.8489667
2026-07-18,172040182.2,2550621054.7500005,1.014079,350308456.9666468
2026-07-19,172047252.8,2550621054.7500005,0.983962,336500569.9880642
2026-07-20,172057461.4,2550621054.7500005,0.982135,335692263.33286333
2026-07-21,172070074.3,2550621054.7500005,0.982465,335864470.61206037
2026-07-22,172084429.4,2550621054.7500005,0.978176,333953669.321807
2026-07-23,172099986.7,2550621054.7500005,0.967101,329013613.8064083
2026-07-24,172099344.9,2550621054.7500005,0.945113,319293120.20669425
2026-07-25,172117418.7,2550621054.7500005,0.917589,307426844.98769486
2026-07-26,172134911.8,2550621054.7500005,0.952074,322411088.4273286
2026-07-27,172151803.7,2550621054.7500005,1.009931,348594956.409415
2026-07-28,172168165.9,2550621054.7500005,1.010164,348733973.3921155
2026-07-29,172183988.1,2550621054.7500005,0.992789,340766770.6971351
2026-07-30,172199260.2,2550621054.7500005,0.96075,326361292.9561088
2026-07-31,172213941.3,2550621054.7500005,0.969349,330221357.40759015
2026-08-01,172227960.2,2581440916.333334,0.976593,333615664.3406398
2026-08-02,172211526.7,2581440916.333334,0.977201,333859696.9704477
2026-08-03,172195826.8,2581440916.333334,0.948057,320885565.5043283
2026-08-04,172183580.6,2581440916.333334,0.917281,307560698.17312145
2026-08-05,172177702.0,2581440916.333334,0.916787,307340618.60230315
2026-08-06,172179607.2,2581440916.333334,0.971068,331050272.69799817
2026-08-07,172189632.4,2581440916.333334,1.020315,353589368.9135592
2026-08-08,172207594.1,2581440916.333334,0.995991,342378600.27732027
2026-08-09,172232809.8,2581440916.333334,0.973328,332157734.02593106
2026-08-10,172264444.0,2581440916.333334,0.960951,326691869.0971562
2026-08-11,172301396.5,2581440916.333334,0.958689,325753743.3697202
2026-08-12,172342668.7,2581440916.333334,0.943203,319012524.15638256
2026-08-13,172387231.7,2581440916.333334,0.930414,313531987.832525
2026-08-14,172433995.4,2581440916.333334,0.92065,309410333.6659646
2026-08-15,172482134.4,2581440916.333334,0.892027,297392226.3655001
2026-08-16,172530833.8,2581440916.333334,0.898853,300324818.43629014
2026-08-17,172579380.4,2581440916.333334,0.957745,325820882.95510983
2026-08-18,172627193.4,2581440916.333334,0.967922,330437790.792403
2026-08-19,172673804.3,2581440916.333334,0.966726,329985383.5845336
2026-08-20,172718846.1,2581440916.333334,0.956228,325391687.2620287
2026-08-21,172761982.8,2581440916.333334,0.958242,326360231.00900555
2026-08-22,172802990.1,2581440916.333334,0.9574,326058066.06206334
2026-08-23,169543074.5,2581440916.333334,0.943017,314166358.334247
2026-08-24,169336254.9,2581440916.333334,0.942043,313397655.3683954
2026-08-25,168969562.6,2581440916.333334,0.915793,301697352.10202575
2026-08-26,168498309.3,2581440916.333334,0.900707,294708541.18481934
2026-08-27,167969085.4,2581440916.333334,0.942217,311154299.05643237
2026-08-28,167417111.3,2581440916.333334,1.011657,340555613.218567
2026-08-29,166867297.0,2581440916.333334,1.027183,346542455.86281717
2026-08-30,166335729.8,2581440916.333334,1.002975,334649432.96083945
2026-08-31,165831945.7,2581440916.333334,0.982995,324944835.5658505
2026-09-01,165360672.0,2612260777.9166675,1.001062,332164752.07896566
2026-09-02,164885526.8,2612260777.9166675,0.999674,330681065.5611075
2026-09-03,164438337.9,2612260777.9166675,0.986336,324064952.4421073
2026-09-04,164023822.5,2612260777.9166675,0.956951,310834892.02788776
2026-09-05,163646330.8,2612260777.9166675,0.933949,300676569.90600646
2026-09-06,163307554.1,2612260777.9166675,0.944759,304548724.28995824
2026-09-07,163007329.4,2612260777.9166675,1.007485,330629875.5564443
2026-09-08,162744118.3,2612260777.9166675,1.048667,348416742.3182105
2026-09-09,162515587.7,2612260777.9166675,1.062503,354249759.9893491
2026-09-10,162318813.6,2612260777.9166675,1.03967,343541016.2866352
2026-09-11,162150678.4,2612260777.9166675,1.027165,337659137.87774026
2026-09-12,162008054.3,2612260777.9166675,1.023404,335729935.84364694
2026-09-13,161887946.1,2612260777.9166675,0.992897,322276798.8556371
2026-09-14,161787582.6,2612260777.9166675,0.970085,312453038.0180853
2026-09-15,161704335.1,2612260777.9166675,0.955531,306267090.1465938
2026-09-16,161635962.4,2612260777.9166675,0.938322,299119708.261285
2026-09-17,161580426.7,2612260777.9166675,0.935158,297747994.1015245
2026-09-18,161535843.3,2612260777.9166675,0.995672,322823691.6410942
2026-09-19,161500724.7,2612260777.9166675,1.022716,334466586.5449432
2026-09-20,161473603.9,2612260777.9166675,1.017333,332062302.7248776
2026-09-21,161453309.1,2612260777.9166675,0.997355,323393356.22934484
2026-09-22,160659193.0,2612260777.9166675,0.998249,322326278.7094028
2026-09-23,160605684.7,2612260777.9166675,1.001364,323557844.7909559
2026-09-24,160514857.3,2612260777.9166675,0.994218,320349503.0040659
2026-09-25,160397540.6,2612260777.9166675,0.979698,314023105.18821347
2026-09-26,160263535.8,2612260777.9166675,0.965999,308099177.4531064
2026-09-27,160120748.7,2612260777.9166675,0.948147,300559930.1301957
2026-09-28,159975180.3,2612260777.9166675,0.972822,310415985.3917895
2026-09-29,159831089.2,2612260777.9166675,1.041107,339351412.52737355
2026-09-30,159691277.0,2612260777.9166675,1.045888,341191303.80729365
2026-10-01,159557547.3,2643080639.500001,1.057744,346391350.6194409
2026-10-02,159384124.4,2643080639.500001,1.030016,333842399.2124244
2026-10-03,159202663.1,2643080639.500001,1.018486,328517315.629554
2026-10-04,159017900.8,2643080639.500001,1.027495,332053992.8435391
2026-10-05,158836276.5,2643080639.500001,1.016702,327068293.76794815
2026-10-06,158663138.9,2643080639.500001,1.003688,321216264.9085604
2026-10-07,158502563.3,2643080639.500001,0.993351,316583205.99877334
2026-10-08,158357351.5,2643080639.500001,0.981581,311437094.5230737
2026-10-09,158229041.8,2643080639.500001,1.03627,334353855.3579112
2026-10-10,158118235.4,2643080639.500001,1.080367,353653961.08141625
2026-10-11,158024748.8,2643080639.500001,1.070757,349147947.5157335
2026-10-12,157947787.5,2643080639.500001,1.042306,336437391.8058535
2026-10-13,157886210.2,2643080639.500001,1.01969,326570626.83051
2026-10-14,157838651.9,2643080639.500001,1.03296,332174869.1740305
2026-10-15,157803655.6,2643080639.500001,1.027226,329640067.14242333
2026-10-16,157779744.0,2643080639.500001,1.011065,322709977.0865227
2026-10-17,157765460.2,2643080639.500001,1.002838,319218888.8703195
2026-10-18,157759510.3,2643080639.500001,0.973579,307104095.8080487
2026-10-19,157760681.9,2643080639.500001,0.974138,307334206.181285
2026-10-20,157767813.6,2643080639.500001,1.03385,332423973.4924296
2026-10-21,157779957.9,2643080639.500001,1.072461,349417401.21637416
2026-10-22,156435192.2,2643080639.500001,1.066299,343985168.4887549
2026-10-23,156347859.3,2643080639.500001,1.049162,336314669.4391958
2026-10-24,156193967.1,2643080639.500001,1.029201,327438650.9914099
2026-10-25,155992618.5,2643080639.500001,1.040608,331932901.12511957
2026-10-26,155760552.6,2643080639.500001,1.023329,324132399.92807853
2026-10-27,155510830.7,2643080639.500001,1.005699,316294555.6733962
2026-10-28,155253212.9,2643080639.500001,0.990764,309687911.1325488
2026-10-29,154994759.6,2643080639.500001,0.965217,298953852.41010857
2026-10-30,154740208.5,2643080639.500001,0.990435,308637862.67277503
2026-10-31,154492676.9,2643080639.500001,1.056698,335948331.12106085
2026-11-01,154254161.9,2673900501.0833344,1.088493,349621772.3344045
2026-11-02,153973753.2,2673900501.0833344,1.082682,346484156.0875927
2026-11-03,153691327.2,2673900501.0833344,1.052315,332750711.03687245
2026-11-04,153413598.0,2673900501.0833344,1.051344,331796856.71294785
2026-11-05,153147055.4,2673900501.0833344,1.061379,335569557.796163
2026-11-06,152895988.6,2673900501.0833344,1.059622,334322846.6457162
2026-11-07,152663036.3,2673900501.0833344,1.039023,325144534.4067391
2026-11-08,152449543.4,2673900501.0833344,1.027493,319936356.6160078
2026-11-09,152255988.8,2673900501.0833344,0.990752,304645217.3911652
2026-11-10,152082127.8,2673900501.0833344,1.034934,322333127.30372024
2026-11-11,151927298.3,2673900501.0833344,1.092407,346585199.5670216
2026-11-12,151790400.0,2673900501.0833344,1.100401,349819535.63227576
2026-11-13,151670322.4,2673900501.0833344,1.086181,343340619.7004417
2026-11-14,151565740.9,2673900501.0833344,1.066738,334744950.5485373
2026-11-15,151475300.7,2673900501.0833344,1.064918,333789380.631449
2026-11-16,151397738.2,2673900501.0833344,1.056161,329919915.0482994
2026-11-17,151331780.0,2673900501.0833344,1.034533,320746947.8447026
2026-11-18,151276213.8,2673900501.0833344,1.02002,314679158.93074584
2026-11-19,151229949.4,2673900501.0833344,0.999215,306194154.8750702
2026-11-20,151191937.4,2673900501.0833344,0.987913,301636310.03923035
2026-11-21,154851116.8,2673900501.0833344,1.029412,325250180.2798401
2026-11-22,155092841.0,2673900501.0833344,1.077762,346577975.16074216
2026-11-23,155531706.2,2673900501.0833344,1.089762,352801278.4192039
2026-11-24,156114570.8,2673900501.0833344,1.079585,349448910.44116807
2026-11-25,156795058.4,2673900501.0833344,1.051609,338485742.50029856
2026-11-26,157536185.8,2673900501.0833344,1.051666,339954913.76849127
2026-11-27,158310068.3,2673900501.0833344,1.036898,335014104.8968708
2026-11-28,159096359.8,2673900501.0833344,1.018918,328742524.1640189
2026-11-29,159881021.3,2673900501.0833344,0.995201,320095462.6459265
2026-11-30,160654750.9,2673900501.0833344,0.969751,310835193.4426503
2026-12-01,161411700.6,2704720362.666668,0.983396,318118147.0559952
2026-12-02,162099085.5,2704720362.666668,1.041881,344704464.7999493
2026-12-03,162750974.9,2704720362.666668,1.082569,364484781.9235486
2026-12-04,163371586.7,2704720362.666668,1.069377,359648269.42015165
2026-12-05,163966585.4,2704720362.666668,1.055502,354475097.4171573
2026-12-06,164540372.3,2704720362.666668,1.034345,346012183.50416005
2026-12-07,165096197.6,2704720362.666668,1.028015,344228751.31311643
2026-12-08,165636455.3,2704720362.666668,1.00747,336098401.9685186
2026-12-09,166162592.2,2704720362.666668,0.984017,326788072.3698414
2026-12-10,166675443.8,2704720362.666668,0.951436,313737925.9738028
2026-12-11,167175417.6,2704720362.666668,0.92386,303057295.1657144
2026-12-12,167662503.3,2704720362.666668,0.965648,321479864.1389071
2026-12-13,168136497.2,2704720362.666668,1.040726,355824254.15263355
2026-12-14,168597093.7,2704720362.666668,1.05107,361522083.2541699
2026-12-15,169043956.6,2704720362.666668,1.034716,354798073.4312228
2026-12-16,169476810.7,2704720362.666668,1.010653,344609373.3038379
2026-12-17,169895350.5,2704720362.666668,1.017338,348431148.0019945
2026-12-18,170299423.1,2704720362.666668,1.005791,343925313.9160042
2026-12-19,170688977.6,2704720362.666668,0.996969,340648578.3668591
2026-12-20,171064034.3,2704720362.666668,0.985149,336015325.6068549
2026-12-21,171848074.3,2704720362.666668,0.972914,331947290.62508273
2026-12-22,172245045.8,2704720362.666668,0.961553,327606098.8956486
2026-12-23,172650412.3,2704720362.666668,1.010445,350405418.12625
2026-12-24,173059996.6,2704720362.666668,1.071836,380328816.9266689
2026-12-25,173469968.2,2704720362.666668,1.062222,376483694.2187835
2026-12-26,173877127.8,2704720362.666668,1.046687,369802807.2241476
2026-12-27,174279091.4,2704720362.666668,1.008569,352562063.72963566
2026-12-28,174674086.4,2704720362.666668,1.00621,352196446.04092443
2026-12-29,175060849.3,2704720362.666668,0.991995,346320036.34620094
2026-12-30,175438483.6,2704720362.666668,0.983168,342942516.88300526
2026-12-31,175806541.1,2704720362.666668,0.959624,332893407.1816826
