Date,Votable Supply,Circulating Supply,PR
2022-06-05,35460574.01,214748364.8,0.1651261654216796
2022-06-06,35676686.11,214748364.8,0.1661325158085674
2022-06-07,35450013.62,214748364.8,0.16507698977366086
2022-06-08,35248663.35,214748364.8,0.1641393795143813
2022-06-09,36641371.68,214748364.8,0.17062468305230138
2022-06-10,35860361.76,214748364.8,0.16698782220482825
2022-06-11,33795831.01,214748364.8,0.15737410173751412
2022-06-12,33507078.69,214748364.8,0.15602949396707116
2022-06-13,33036165.66,214748364.8,0.15383663428947328
2022-06-14,32669370.78,214748364.8,0.15212861252948642
2022-06-15,32486928.5,214748364.8,0.15127904945984483
2022-06-16,32310915.13,214748364.8,0.15045942333526907
2022-06-17,32245071.54,214748364.8,0.15015281522646545
2022-06-18,32142425.5,214748364.8,0.14967483235523105
2022-06-19,32124105.11,214748364.8,0.14958952139131723
2022-06-20,31926883.28,214748364.8,0.14867113567888737
2022-06-21,31840266.9,214748364.8,0.14826779672875998
2022-06-22,31885194.13,214748364.8,0.1484770054463297
2022-06-23,31892503.76,214748364.8,0.14851104356348516
2022-06-24,31892225.41,214748364.8,0.1485097473952919
2022-06-25,31804279.62,214748364.8,0.14810021789744496
2022-06-26,31888597.63,214748364.8,0.1484928542282432
2022-06-27,31828601.19,214748364.8,0.1482134740334004
2022-06-28,31747624.83,214748364.8,0.14783639847300944
2022-06-29,31473289.47,214748364.8,0.14655892490409314
2022-06-30,31387665.21,214748364.8,0.1461602058727294
2022-07-01,31183188.64,214748364.8,0.1452080376446247
2022-07-02,31182901.67,214748364.8,0.14520670133642852
2022-07-03,31228257.81,214748364.8,0.1454179073218256
2022-07-04,31334908.06,214748364.8,0.14591453624889253
2022-07-05,31350317.98,214748364.8,0.14598629428073764
2022-07-06,31377970.71,214748364.8,0.14611506233923136
2022-07-07,31354602.84,214748364.8,0.14600624721497296
2022-07-08,31349983.39,214748364.8,0.14598473622463642
2022-07-09,31340383.37,214748364.8,0.14594003264792263
2022-07-10,31274671.99,214748364.8,0.14563404018990694
2022-07-11,40355622.11,214748364.8,0.18792050941847263
2022-07-12,40183563.57,214748364.8,0.18711929940618574
2022-07-13,31244250.76,214748364.8,0.14549238029867412
2022-07-14,31205695.25,214748364.8,0.14531284221448004
2022-07-15,31108470.37,214748364.8,0.14486010358668863
2022-07-16,30979098.62,214748364.8,0.14425766943022608
2022-07-17,30777929.93,214748364.8,0.14332090471871195
2022-07-18,30263597.28,214748364.8,0.14092585667967797
2022-07-19,30134511.39,214748364.8,0.1403247536625713
2022-07-20,30104452.59,214748364.8,0.14018478146754204
2022-07-21,29909672.44,214748364.8,0.1392777657136321
2022-07-22,29675024.73,214748364.8,0.13818510216660798
2022-07-23,29326175.77,214748364.8,0.1365606476087123
2022-07-24,29206621.86,214748364.8,0.13600393133237956
2022-07-25,29046842.72,214748364.8,0.13525990173220634
2022-07-26,29936695.71,214748364.8,0.13940360262058674
2022-07-27,28865819.85,214748364.8,0.13441694830544293
2022-07-28,27975649.17,214748364.8,0.13027176805771887
2022-07-29,26738393.23,214748364.8,0.1245103461202234
2022-07-30,26234171.83,214748364.8,0.12216238225810229
2022-07-31,25952175.24,214748364.8,0.12084923330694436
2022-08-01,25766675.02,214748364.8,0.11998543059453368
2022-08-02,25653376.7,214748364.8,0.11945784417912363
2022-08-03,25233367.69,214748364.8,0.11750202481634915
2022-08-04,24723167.68,214748364.8,0.11512622088193893
2022-08-05,24529886.36,214748364.8,0.11422618459910154
2022-08-06,24270976.61,214748364.8,0.11302054212428629
2022-08-07,24132438.57,214748364.8,0.11237542410381138
2022-08-08,24170555.47,214748364.8,0.11255291975103318
2022-08-09,23982035.99,214748364.8,0.11167505751363932
2022-08-10,23934953.29,214748364.8,0.11145581160672008
2022-08-11,24032207.4,214748364.8,0.11190868634730576
2022-08-12,23948363.24,214748364.8,0.1115182565525174
2022-08-13,24077333.07,214748364.8,0.11211881912313401
2022-08-14,24028850.13,214748364.8,0.11189305284060537
2022-08-15,23998133.13,214748364.8,0.11175001566298305
2022-08-16,24123825.22,214748364.8,0.11233531506732106
2022-08-17,23708960.67,214748364.8,0.11040345146320761
2022-08-18,23634225.49,214748364.8,0.11005543866194784
2022-08-19,23565688.65,214748364.8,0.10973628913052379
2022-08-20,23484755.32,214748364.8,0.10935941394418477
2022-08-21,23471172.05,214748364.8,0.1092961619142443
2022-08-22,23456412.25,214748364.8,0.10922743123956025
2022-08-23,23553147.99,214748364.8,0.1096778921317309
2022-08-24,32552613.98,214748364.8,0.1515849213115871
2022-08-25,24139099.85,214748364.8,0.11240644310601056
2022-08-26,24037339.05,214748364.8,0.1119325824547559
2022-08-27,24144370.64,214748364.8,0.11243098713457585
2022-08-28,24147144.61,214748364.8,0.11244390443898737
2022-08-29,24142728.98,214748364.8,0.11242334255948662
2022-08-30,24072277.75,214748364.8,0.11209527845494449
2022-08-31,24125958.19,214748364.8,0.11234524748288095
2022-09-01,24208607.33,214748364.8,0.11273011253215372
2022-09-02,24165694.58,214748364.8,0.11253028446808457
2022-09-03,24051279.57,214748364.8,0.11199749805964529
2022-09-04,24039801.5,214748364.8,0.11194404913112521
2022-09-05,24034879.13,214748364.8,0.11192112755961715
2022-09-06,24087193.45,214748364.8,0.11216473509557544
2022-09-07,23540783.14,214748364.8,0.10962031381204725
2022-09-08,23527204.81,214748364.8,0.10955708478577433
2022-09-09,23458316.72,214748364.8,0.10923629961907863
2022-09-10,23482900.95,214748364.8,0.10935077886097132
2022-09-11,23474100.47,214748364.8,0.10930979843251407
2022-09-12,23393868.72,214748364.8,0.10893619023263454
2022-09-13,23339478.69,214748364.8,0.10868291691876948
2022-09-14,23416407.99,214748364.8,0.1090411468874663
2022-09-15,23341721.46,214748364.8,0.10869336063042283
2022-09-16,23271915.2,214748364.8,0.10836829990148543
2022-09-17,23185231.52,214748364.8,0.10796464756131172
2022-09-18,23272015.42,214748364.8,0.10836876658722759
2022-09-19,23283533.07,214748364.8,0.10842239982448518
2022-09-20,23181243.26,214748364.8,0.10794607577845454
2022-09-21,23112234.34,214748364.8,0.10762472795322536
2022-09-22,23077518.98,214748364.8,0.10746307196095585
2022-09-23,22993601.33,214748364.8,0.10707229995168745
2022-09-24,22928739.32,214748364.8,0.10677026268094778
2022-09-25,22871840.71,214748364.8,0.10650530788116157
2022-09-26,22853527.82,214748364.8,0.10642003184184431
2022-09-27,22852134.16,214748364.8,0.10641354210674762
2022-09-28,22871014.79,214748364.8,0.10650146189145743
2022-09-29,22971238.37,214748364.8,0.10696816430427133
2022-09-30,22928277.49,214748364.8,0.1067681121174246
2022-10-01,22730069.79,214748364.8,0.10584513559006153
2022-10-02,22562851.38,214748364.8,0.10506646418944
2022-10-03,23159947.6,214748364.8,0.10784691013395786
2022-10-04,22705142.0,214748364.8,0.10572905652225018
2022-10-05,22381818.7,214748364.8,0.1042234650813043
2022-10-06,22354057.68,214748364.8,0.10409419275820254
2022-10-07,22397219.66,214748364.8,0.10429518138989806
2022-10-08,22299448.39,214748364.8,0.10383989843539894
2022-10-09,22280822.78,214748364.8,0.10375316618010402
2022-10-10,22279279.23,214748364.8,0.10374597846530377
2022-10-11,22264798.62,214748364.8,0.10367854787036776
2022-10-12,22262516.02,214748364.8,0.10366791868582367
2022-10-13,22297572.88,214748364.8,0.10383116491138934
2022-10-14,22429999.16,214748364.8,0.1044478228315711
2022-10-15,22403368.37,214748364.8,0.10432381355203688
2022-10-16,22396464.44,214748364.8,0.10429166462272406
2022-10-17,24462114.25,214748364.8,0.11391059611923993
2022-10-18,24464785.74,214748364.8,0.11392303621396421
2022-10-19,24704899.74,214748364.8,0.11504115415737032
2022-10-20,24783736.74,214748364.8,0.11540826754644512
2022-10-21,24754972.81,214748364.8,0.11527432505972682
2022-10-22,24806026.98,214748364.8,0.11551206456497311
2022-10-23,24898249.66,214748364.8,0.11594150988385081
2022-10-24,24932134.95,214748364.8,0.11609930056147276
2022-10-25,24920931.03,214748364.8,0.11604712824337185
2022-10-26,24833885.08,214748364.8,0.11564178895205258
2022-10-27,24830839.36,214748364.8,0.1156276062130928
2022-10-28,24764855.21,214748364.8,0.11532034357078373
2022-10-29,24650897.34,214748364.8,0.11478968588635324
2022-10-30,24641332.81,214748364.8,0.1147451475728303
2022-10-31,24625875.66,214748364.8,0.11467316960915923
2022-11-01,24465189.18,214748364.8,0.11392491487786173
2022-11-02,24513707.69,214748364.8,0.11415084679611028
2022-11-03,24528620.95,214748364.8,0.11422029207460581
2022-11-04,24446984.45,214748364.8,0.11384014249779283
2022-11-05,24740393.92,214748364.8,0.11520643681287766
2022-11-06,24709161.68,214748364.8,0.1150610003620386
2022-11-07,24670330.83,214748364.8,0.11488018012605607
2022-11-08,23923669.16,214748364.8,0.11140326578170061
2022-11-09,23823770.19,214748364.8,0.11093807495199144
2022-11-10,23804923.06,214748364.8,0.11085031116381286
2022-11-11,23659763.16,214748364.8,0.11017435770481825
2022-11-12,23601699.45,214748364.8,0.1099039774853736
2022-11-13,23600664.4,214748364.8,0.10989915765821932
2022-11-14,23633311.65,214748364.8,0.1100511832628399
2022-11-15,23657199.03,214748364.8,0.11016241754405201
2022-11-16,23569068.78,214748364.8,0.10975202908739448
2022-11-17,23523762.13,214748364.8,0.10954105355776846
2022-11-18,23478763.04,214748364.8,0.10933151021599768
2022-11-19,23448249.05,214748364.8,0.10918941837735474
2022-11-20,23394729.97,214748364.8,0.10894020074047148
2022-11-21,23453819.02,214748364.8,0.10921535557135939
2022-11-22,23413134.69,214748364.8,0.10902590439654887
2022-11-23,23413362.47,214748364.8,0.10902696507982909
2022-11-24,23393691.12,214748364.8,0.10893536321818828
2022-11-25,23382697.46,214748364.8,0.10888416999951005
2022-11-26,23394490.99,214748364.8,0.10893908790312706
2022-11-27,23760184.35,214748364.8,0.110641980310902
2022-11-28,23777487.77,214748364.8,0.11072255563922226
2022-11-29,23897806.97,214748364.8,0.11128283557482063
2022-11-30,23731793.76,214748364.8,0.11050977632403373
2022-12-01,23608489.23,214748364.8,0.10993559486232697
2022-12-02,23578524.19,214748364.8,0.1097960592713207
2022-12-03,23530424.74,214748364.8,0.10957207875326275
2022-12-04,23529556.03,214748364.8,0.10956803350709379
2022-12-05,23480848.23,214748364.8,0.1093412201385945
2022-12-06,23507577.53,214748364.8,0.10946568814106286
2022-12-07,23498800.98,214748364.8,0.10942481914535164
2022-12-08,23509499.89,214748364.8,0.10947463982738555
2022-12-09,23459699.83,214748364.8,0.10924274022690951
2022-12-10,23451781.83,214748364.8,0.10920586916618048
2022-12-11,23451124.38,214748364.8,0.10920280767604708
2022-12-12,23519307.1,214748364.8,0.10952030820772052
2022-12-13,23625580.62,214748364.8,0.11001518284901976
2022-12-14,23624239.39,214748364.8,0.11000893726013601
2022-12-15,23710882.93,214748364.8,0.110412402683869
2022-12-16,23797148.41,214748364.8,0.1108141076285392
2022-12-17,23897239.11,214748364.8,0.11128019127063453
2022-12-18,23908567.06,214748364.8,0.11133294114843009
2022-12-19,23900838.52,214748364.8,0.11129695232957601
2022-12-20,23997014.59,214748364.8,0.11174480705522
2022-12-21,23969784.82,214748364.8,0.11161800855770707
2022-12-22,24135964.05,214748364.8,0.11239184089936316
2022-12-23,24105439.73,214748364.8,0.11224970095790922
2022-12-24,24001746.03,214748364.8,0.1117668395396322
2022-12-25,23919830.89,214748364.8,0.11138539244420827
2022-12-26,23925921.12,214748364.8,0.11141375228762626
2022-12-27,23895641.72,214748364.8,0.1112727528437972
2022-12-28,23840305.42,214748364.8,0.11101507311686874
2022-12-29,23828483.45,214748364.8,0.11096002277918159
2022-12-30,23793055.9,214748364.8,0.11079505039378999
2022-12-31,23770159.69,214748364.8,0.11068843160755933
2023-01-01,23761839.4,214748364.8,0.11064968723803757
2023-01-02,23752991.25,214748364.8,0.11060848482884467
2023-01-03,23659059.75,214748364.8,0.1101710821967572
2023-01-04,23624683.21,214748364.8,0.11001100395806133
2023-01-05,23608104.36,214748364.8,0.10993380267173052
2023-01-06,23643149.89,214748364.8,0.11009699613787234
2023-01-07,23614361.8,214748364.8,0.10996294114738703
2023-01-08,23534274.24,214748364.8,0.10959000438451766
2023-01-09,23453184.56,214748364.8,0.10921240113675593
2023-01-10,23376050.14,214748364.8,0.10885321600362659
2023-01-11,23437750.92,214748364.8,0.10914053265005351
2023-01-12,23385549.14,214748364.8,0.10889744916930795
2023-01-13,23288831.42,214748364.8,0.10844707218930126
2023-01-14,23082993.59,214748364.8,0.10748856510035693
2023-01-15,22817244.98,214748364.8,0.1062510767020285
2023-01-16,22678920.39,214748364.8,0.10560695263557136
2023-01-17,22674179.01,214748364.8,0.1055848738644272
2023-01-18,22689820.31,214748364.8,0.10565770934335886
2023-01-19,22667298.37,214748364.8,0.10555283338762819
2023-01-20,22586628.44,214748364.8,0.10517718475311995
2023-01-21,22154149.09,214748364.8,0.10316329584456979
2023-01-22,22073698.74,214748364.8,0.10278866970911621
2023-01-23,21963639.36,214748364.8,0.1022761657834053
2023-01-24,21890899.22,214748364.8,0.10193744311109185
2023-01-25,21824514.51,214748364.8,0.10162831521593034
2023-01-26,21757831.44,214748364.8,0.10131779797375202
2023-01-27,21733127.83,214748364.8,0.10120276282541453
2023-01-28,21654118.88,214748364.8,0.1008348487317562
2023-01-29,21643826.05,214748364.8,0.10078691900707781
2023-01-30,21572050.77,214748364.8,0.10045268931426107
2023-01-31,21542231.36,214748364.8,0.1003138318657875
2023-02-01,21438533.99,214748364.8,0.09983095335774123
2023-02-02,21157459.83,214748364.8,0.09852209980599581
2023-02-03,21036028.77,214748364.8,0.09795664236880838
2023-02-04,20847119.92,214748364.8,0.09707696698606015
2023-02-05,21407876.05,214748364.8,0.0996881911996752
2023-02-06,21315147.06,214748364.8,0.09925638819113372
2023-02-07,22280209.68,214748364.8,0.10375031121075153
2023-02-08,22245837.37,214748364.8,0.10359025266952812
2023-02-09,32130718.79,214748364.8,0.14962031873874365
2023-02-10,31493607.25,214748364.8,0.1466535369399935
2023-02-11,31657706.53,214748364.8,0.14741768375970424
2023-02-12,31777507.19,214748364.8,0.1479755490552634
2023-02-13,32695144.84,214748364.8,0.15224863234907388
2023-02-14,32728363.44,214748364.8,0.15240331850945948
2023-02-15,32916984.32,214748364.8,0.15328165292739868
2023-02-16,38600315.14,214748364.8,0.17974672438576816
2023-02-17,39243782.64,214748364.8,0.1827431034296751
2023-02-18,39143767.88,214748364.8,0.18227737341076136
2023-02-19,39055292.4,214748364.8,0.18186537735164163
2023-02-20,39099554.03,214748364.8,0.18207148662768305
2023-02-21,39948099.83,214748364.8,0.18602283592335878
2023-02-22,40057130.72,317487381.0,0.1261692058242781
2023-02-23,40137278.96,314844141.0,0.12748301058586317
2023-02-24,39882792.3,314844141.0,0.12667471649091286
2023-02-25,39828767.4,314844141.0,0.12650312396951988
2023-02-26,39818899.07,314844141.0,0.12647178042928867
2023-02-27,40871420.15,314844141.0,0.129814771271224
2023-02-28,41100967.69,314844141.0,0.1305438543638009
2023-03-01,41124182.65,314844141.0,0.13061758913277666
2023-03-02,41123900.47,314844141.0,0.1306166928797954
2023-03-03,41059977.08,314844141.0,0.13041366102474175
2023-03-04,41057918.68,314844141.0,0.13040712318670716
2023-03-05,40994131.96,314844141.0,0.1302045254194519
2023-03-06,41051208.97,314844141.0,0.13038581197545612
2023-03-07,40939436.91,314844141.0,0.13003080438457323
2023-03-08,41004867.22,314844141.0,0.13023862248082932
2023-03-09,41135701.38,314844141.0,0.13065417463175852
2023-03-10,41290561.7,314844141.0,0.13114603806459274
2023-03-11,41415357.34,314844141.0,0.13154241082097826
2023-03-12,41523208.56,314844141.0,0.1318849651389892
2023-03-13,41271580.31,314844141.0,0.13108574985360774
2023-03-14,41170462.98,314844141.0,0.1307645835467524
2023-03-15,41173027.15,314844141.0,0.13077272779867294
2023-03-16,41262155.55,314844141.0,0.1310558151691951
2023-03-17,41300468.41,314844141.0,0.13117750350640953
2023-03-18,41142186.51,314844141.0,0.1306747725376919
2023-03-19,41112408.98,314844141.0,0.1305801938998128
2023-03-20,41046796.78,314844141.0,0.1303717980891377
2023-03-21,41010813.83,314844141.0,0.13025750995315488
2023-03-22,41070557.99,314844141.0,0.13044726784355185
2023-03-23,40061197.09,314844141.0,0.1272413612740534
2023-03-24,40054680.97,314844141.0,0.12722066493846554
2023-03-25,40005627.23,314844141.0,0.12706486168977177
2023-03-26,40005599.63,314844141.0,0.12706477402734961
2023-03-27,40130930.75,314844141.0,0.12746284756177184
2023-03-28,40089544.79,314844141.0,0.12733139852203887
2023-03-29,40076278.98,314844141.0,0.12728926399173487
2023-03-30,40188321.78,314844141.0,0.12764513150016027
2023-03-31,40330299.13,314844141.0,0.1280960763694186
2023-04-01,40371626.58,314844141.0,0.12822733957116897
2023-04-02,40361904.41,314844141.0,0.12819646026063417
2023-04-03,40354890.24,314844141.0,0.12817418203122924
2023-04-04,40350616.07,314844141.0,0.12816060652054503
2023-04-05,40184945.37,314844141.0,0.12763440743208876
2023-04-06,40225054.21,314844141.0,0.12776180011556892
2023-04-07,40131353.46,314844141.0,0.12746419016258587
2023-04-08,40105463.89,314844141.0,0.12738196036495403
2023-04-09,40084805.96,314844141.0,0.12731634717001133
2023-04-10,39995882.24,314844141.0,0.12703390989892996
2023-04-11,39999024.71,314844141.0,0.1270438909326885
2023-04-12,39973828.28,314844141.0,0.12696386266879903
2023-04-13,39982268.63,314844141.0,0.1269906706950599
2023-04-14,39907014.06,314844141.0,0.12675164903259228
2023-04-15,39823522.13,314844141.0,0.12648646407556938
2023-04-16,39788259.14,314844141.0,0.12637446265833482
2023-04-17,39734217.21,314844141.0,0.12620281604668643
2023-04-18,39631752.84,314844141.0,0.12587737130544221
2023-04-19,39578267.64,314844141.0,0.12570749296554323
2023-04-20,39522862.16,314844141.0,0.12553151548086136
2023-04-21,39503294.68,314844141.0,0.1254693657456373
2023-04-22,39492761.47,314844141.0,0.12543591043036115
2023-04-23,39458880.46,314844141.0,0.12532829842306006
2023-04-24,39458801.14,314844141.0,0.12532804648888163
2023-04-25,39453801.55,314844141.0,0.12531216691753522
2023-04-26,39471014.53,314844141.0,0.1253668383493914
2023-04-27,40486042.71,314844141.0,0.12859074519033212
2023-04-28,40406446.43,314844141.0,0.12833793349834005
2023-04-29,40438405.41,314844141.0,0.1284394408025525
2023-04-30,40480514.96,314844141.0,0.12857318809054796
2023-05-01,40416413.89,314844141.0,0.12836959189277083
2023-05-02,40372476.46,314844141.0,0.12823003893853627
2023-05-03,40330312.35,314844141.0,0.12809611835844836
2023-05-04,40358201.14,314844141.0,0.12818469802809512
2023-05-05,40385951.43,314844141.0,0.12827283779754378
2023-05-06,40323873.47,314844141.0,0.12807566735059553
2023-05-07,40253848.36,314844141.0,0.1278532553667562
2023-05-08,40276824.93,314844141.0,0.1279262329674415
2023-05-09,38274003.39,314844141.0,0.1215649218322281
2023-05-10,38249154.64,314844141.0,0.12148599786076375
2023-05-11,38347780.17,314844141.0,0.12179924977546272
2023-05-12,38329848.15,335376391.0,0.11428904710826827
2023-05-13,38327226.64,335376391.0,0.11428123048768808
2023-05-14,38287902.53,335376391.0,0.11416397682566749
2023-05-15,38229759.73,335376391.0,0.1139906110147151
2023-05-16,38225744.62,335376391.0,0.11397863906287904
2023-05-17,38480311.67,335376391.0,0.1147376878714161
2023-05-18,38475204.19,335376391.0,0.11472245877319372
2023-05-19,38490523.75,335376391.0,0.11476813748049426
2023-05-20,38492209.77,335376391.0,0.11477316472762689
2023-05-21,38367988.28,335376391.0,0.1144027704681216
2023-05-22,38360734.16,335376391.0,0.11438114068082984
2023-05-23,38312564.67,335376391.0,0.11423751253259805
2023-05-24,38295470.22,335376391.0,0.11418654159230904
2023-05-25,38355117.9,335376391.0,0.11436439454081906
2023-05-26,38347685.33,335376391.0,0.11434223266479124
2023-05-27,38326184.73,335376391.0,0.11427812379911977
2023-05-28,38327561.46,335376391.0,0.11428222882868341
2023-05-29,38269024.26,335376391.0,0.1141076870255903
2023-05-30,38092349.73,335376391.0,0.11358089225189377
2023-05-31,38340310.39,644594782.0,0.05947970951772303
2023-06-01,37725261.23,644594782.0,0.05852554547982673
2023-06-02,37957370.83,644594782.0,0.05888563154704531
2023-06-03,37968933.28,644594782.0,0.05890356909528939
2023-06-04,37943549.39,644594782.0,0.05886418948703187
2023-06-05,37937741.35,644594782.0,0.058855179113131574
2023-06-06,38063561.19,644594782.0,0.059050371260994786
2023-06-07,37955071.42,644594782.0,0.05888206432921451
2023-06-08,37884120.66,644594782.0,0.058771993999790086
2023-06-09,38006759.19,644594782.0,0.05896225078346973
2023-06-10,38887193.01,644594782.0,0.060328122559949605
2023-06-11,38870616.33,644594782.0,0.060302406124658946
2023-06-12,38911349.47,644594782.0,0.060365597979662206
2023-06-13,38893008.3,644594782.0,0.060337144181226085
2023-06-14,38848717.74,644594782.0,0.06026843347919004
2023-06-15,38897741.02,644594782.0,0.06034448634429064
2023-06-16,38998203.21,644594782.0,0.06050033959164131
2023-06-17,38929483.27,644594782.0,0.06039373007211219
2023-06-18,38909327.45,644594782.0,0.06036246109420104
2023-06-19,38925564.16,644594782.0,0.060387650112873545
2023-06-20,39369491.33,644594782.0,0.061076341958349885
2023-06-21,39382665.9,644594782.0,0.06109678048867606
2023-06-22,39597165.79,644594782.0,0.06142954751687704
2023-06-23,39658098.92,644594782.0,0.06152407687346126
2023-06-24,39649981.51,644594782.0,0.061511483830162306
2023-06-25,39704939.58,644594782.0,0.06159674370432617
2023-06-26,39724037.63,644594782.0,0.061626371697808754
2023-06-27,39802833.01,644594782.0,0.061748611874428726
2023-06-28,40012116.56,644594782.0,0.06207328646976234
2023-06-29,38532395.74,644594782.0,0.059777703475111285
2023-06-30,38723350.59,644594782.0,0.06007394361749581
2023-07-01,38866123.81,644594782.0,0.060295436598802626
2023-07-02,38850671.91,644594782.0,0.060271465104723726
2023-07-03,38712399.4,644594782.0,0.060056954354929915
2023-07-04,38683876.44,644594782.0,0.06001270491202952
2023-07-05,38648692.29,644594782.0,0.059958121550540255
2023-07-06,38718262.75,644594782.0,0.060066050534675286
2023-07-07,38725909.2,644594782.0,0.060077912948417266
2023-07-08,38733337.64,644594782.0,0.060089437149678945
2023-07-09,38692178.84,644594782.0,0.060025584941827845
2023-07-10,38707208.4,644594782.0,0.0600489012335815
2023-07-11,38706899.56,644594782.0,0.06004842211086965
2023-07-12,38763286.94,644594782.0,0.0601358993625859
2023-07-13,47015135.98,644594782.0,0.07293750631074764
2023-07-14,47283165.27,644594782.0,0.07335331682843192
2023-07-15,47388940.8,644594782.0,0.07351741299078651
2023-07-16,47403276.91,644594782.0,0.0735396534904001
2023-07-17,47542552.07,644594782.0,0.07375571971353624
2023-07-18,47557484.16,644594782.0,0.07377888479401311
2023-07-19,47641032.14,679080066.0,0.07015525050031435
2023-07-20,47379340.38,679080066.0,0.0697698883418557
2023-07-21,47357546.89,679080066.0,0.06973779567548077
2023-07-22,47418408.36,679080066.0,0.06982741908374615
2023-07-23,47348623.44,679080066.0,0.06972465517784761
2023-07-24,47321411.32,679080066.0,0.06968458314310172
2023-07-25,47774195.0,679080066.0,0.07035134351889516
2023-07-26,47850741.76,679080066.0,0.07046406477789321
2023-07-27,48221377.07,679080066.0,0.07100985507355476
2023-07-28,48775625.92,679080066.0,0.07182603107068673
2023-07-29,48493907.21,679080066.0,0.07141117761804541
2023-07-30,48528020.07,679080066.0,0.07146141154730935
2023-07-31,48521609.26,716708907.0,0.06770058078823346
2023-08-01,48670131.21,716708907.0,0.06790780850446443
2023-08-02,48677351.32,716708907.0,0.06791788248279716
2023-08-03,48522815.3,716708907.0,0.06770226353556395
2023-08-04,48508306.6,716708907.0,0.06768202003104169
2023-08-05,48473897.57,716708907.0,0.06763401026073756
2023-08-06,48536829.36,716708907.0,0.06772181688541509
2023-08-07,48472630.15,716708907.0,0.06763224187194314
2023-08-08,48191057.21,716708907.0,0.06723937255324218
2023-08-09,48170624.96,716708907.0,0.06721086411725033
2023-08-10,48116772.53,716708907.0,0.06713572562033195
2023-08-11,48078324.31,716708907.0,0.06708208010312895
2023-08-12,48100264.37,716708907.0,0.06711269233605324
2023-08-13,48044481.7,716708907.0,0.0670348606397325
2023-08-14,48137604.29,716708907.0,0.06716479147928324
2023-08-15,48136767.23,716708907.0,0.06716362355742286
2023-08-16,48036954.58,716708907.0,0.06702435830060083
2023-08-17,49380747.53,716708907.0,0.06889930772131453
2023-08-18,49662382.31,716708907.0,0.06929226332330206
2023-08-19,49759925.2,716708907.0,0.06942836165980563
2023-08-20,49727381.7,716708907.0,0.06938295480120216
2023-08-21,49732607.89,716708907.0,0.06939024672955543
2023-08-22,49653198.96,716708907.0,0.06927945010176914
2023-08-23,49511066.43,716708907.0,0.06908113732985881
2023-08-24,49419570.3,716708907.0,0.06895347583562261
2023-08-25,49542934.27,716708907.0,0.06912560146263119
2023-08-26,49452754.27,716708907.0,0.06899977632062552
2023-08-27,49110058.34,716708907.0,0.06852162413547346
2023-08-28,48923652.31,716708907.0,0.06826153802773935
2023-08-29,49206550.91,716708907.0,0.06865625699556151
2023-08-30,49210238.62,716708907.0,0.06866140233415573
2023-08-31,49344832.21,798517235.0,0.06179557565842646
2023-09-01,49406645.9,798517235.0,0.06187298624806764
2023-09-02,49420792.14,798517235.0,0.06189070188322235
2023-09-03,49398855.38,798517235.0,0.06186323001531708
2023-09-04,49400563.1,798517235.0,0.06186536862914424
2023-09-05,49398147.25,798517235.0,0.06186234320916066
2023-09-06,49512024.82,798517235.0,0.06200495449544054
2023-09-07,49495267.73,798517235.0,0.06198396923768339
2023-09-08,49431525.11,798517235.0,0.061904143008259555
2023-09-09,49383966.08,798517235.0,0.06184458383042916
2023-09-10,49298037.38,798517235.0,0.061736973504397816
2023-09-11,49316219.32,798517235.0,0.06175974313190623
2023-09-12,49279368.2,798517235.0,0.061713593695945715
2023-09-13,49339576.6,798517235.0,0.0617889939470123
2023-09-14,49551231.01,798517235.0,0.06205405323530681
2023-09-15,49760172.43,798517235.0,0.062315714988919434
2023-09-16,49821032.88,798517235.0,0.0623919318159739
2023-09-17,49836702.53,798517235.0,0.06241155524964968
2023-09-18,68862511.59,798517235.0,0.08623797780645273
2023-09-19,69103749.51,798517235.0,0.08654008514919531
2023-09-20,69163077.87,798517235.0,0.08661438330758134
2023-09-21,69108372.49,798517235.0,0.08654587460469779
2023-09-22,69032037.03,798517235.0,0.08645027809575082
2023-09-23,68981595.28,798517235.0,0.08638710882677442
2023-09-24,69021596.49,798517235.0,0.08643720318697942
2023-09-25,69030360.39,798517235.0,0.08644817840406413
2023-09-26,69005868.88,798517235.0,0.08641750716877138
2023-09-27,69547516.09,798517235.0,0.08709582341074955
2023-09-28,69443623.86,798517235.0,0.08696571697666614
2023-09-29,69472769.34,798517235.0,0.08700221647689295
2023-09-30,69522301.94,798517235.0,0.0870642471981209
2023-10-01,69497087.97,798517235.0,0.08703267121091006
2023-10-02,69446903.39,798517235.0,0.08696982400135672
2023-10-03,69442908.16,880444572.0,0.07887254958282598
2023-10-04,69485403.35,880444572.0,0.07892081518789805
2023-10-05,69399436.81,880444572.0,0.07882317526514321
2023-10-06,69348058.67,880444572.0,0.07876482049570749
2023-10-07,69328602.99,880444572.0,0.07874272293202347
2023-10-08,69316281.65,880444572.0,0.07872872847923015
2023-10-09,70165773.95,880444572.0,0.0796935732031522
2023-10-10,70125581.41,880444572.0,0.07964792292455634
2023-10-11,70361321.03,880444572.0,0.07991567358995542
2023-10-12,70278001.07,880444572.0,0.07982103962587664
2023-10-13,70506312.97,880444572.0,0.08008035396236164
2023-10-14,70442539.9,880444572.0,0.08000792115735822
2023-10-15,70365396.45,880444572.0,0.07992030241058719
2023-10-16,70422268.92,880444572.0,0.07998489758421726
2023-10-17,70367600.48,880444572.0,0.07992280572546934
2023-10-18,70461754.83,880444572.0,0.08002974527963812
2023-10-19,70467516.83,880444572.0,0.08003628970069906
2023-10-20,70643484.13,880444572.0,0.08023615157229909
2023-10-21,70552905.46,880444572.0,0.08013327323914718
2023-10-22,70571743.85,880444572.0,0.08015466969112053
2023-10-23,70410628.42,880444572.0,0.07997167642257894
2023-10-24,70355494.42,880444572.0,0.07990905578551287
2023-10-25,70326202.72,880444572.0,0.07987578657024193
2023-10-26,70364242.02,880444572.0,0.07991899122072162
2023-10-27,80611553.41,880444572.0,0.09155778338991225
2023-10-28,80602286.22,880444572.0,0.09154725780966028
2023-10-29,80620145.37,880444572.0,0.09156754205079023
2023-10-30,80595581.36,880444572.0,0.09153964249779031
2023-10-31,80640893.17,880444572.0,0.09159110719124293
2023-11-01,80211276.8,880444572.0,0.0911031532828849
2023-11-02,80276095.14,880444572.0,0.09117677329493491
2023-11-03,80284076.76,880444572.0,0.09118583873784164
2023-11-04,80271991.03,880444572.0,0.09117211188849263
2023-11-05,80173556.79,880444572.0,0.0910603112787434
2023-11-06,80199957.2,880444572.0,0.0910902965962064
2023-11-07,80172933.48,880444572.0,0.09105960332957792
2023-11-08,80197088.64,880444572.0,0.09108703851490153
2023-11-09,80788630.37,880917403.0,0.0917096541569857
2023-11-10,80583250.56,880917403.0,0.09147651106173005
2023-11-11,80601870.68,880917403.0,0.09149764825340839
2023-11-12,80743813.33,880917403.0,0.09165877874023565
2023-11-13,80552719.14,880917403.0,0.09144185239805054
2023-11-14,80013734.32,880917403.0,0.0908300074984442
2023-11-15,79984044.1,880917403.0,0.09079630374835493
2023-11-16,79738043.34,880917403.0,0.09051704855466455
2023-11-17,82152451.71,880917403.0,0.09325783714821217
2023-11-18,81903232.84,880917403.0,0.09297492881974544
2023-11-19,81855965.05,880917403.0,0.09292127136010275
2023-11-20,81603016.45,880917403.0,0.09263412911596208
2023-11-21,81513468.74,880917403.0,0.09253247632797645
2023-11-22,81662879.02,880917403.0,0.09270208392057387
2023-11-23,81802455.51,880917403.0,0.09286052838940226
2023-11-24,81798513.71,880917403.0,0.09285605373606179
2023-11-25,82265543.75,880917403.0,0.09338621699360389
2023-11-26,82239889.19,880917403.0,0.09335709444486931
2023-11-27,82252049.56,880917403.0,0.09337089865620467
2023-11-28,82295697.84,880917403.0,0.09342044731973584
2023-11-29,82025111.85,880917403.0,0.09311328345956175
2023-11-30,82125172.13,880917403.0,0.09322686990893742
2023-12-01,83479896.3,911294948.0,0.09160579292490492
2023-12-02,83566803.02,911294948.0,0.09170115910705125
2023-12-03,82899327.5,911294948.0,0.09096871181162304
2023-12-04,82765569.72,911294948.0,0.09082193410777034
2023-12-05,82498452.48,911294948.0,0.09052881579235969
2023-12-06,82944352.75,911294948.0,0.09101811979978189
2023-12-07,82127363.78,911294948.0,0.09012160548046844
2023-12-08,82158482.04,911294948.0,0.09015575277829808
2023-12-09,82051659.44,911294948.0,0.09003853211309583
2023-12-10,82000609.04,911294948.0,0.08998251248946901
2023-12-11,81792099.12,911294948.0,0.08975370630497559
2023-12-12,81534903.35,911294948.0,0.08947147521111902
2023-12-13,81700583.44,911294948.0,0.08965328252867698
2023-12-14,81731496.13,911294948.0,0.08968720424641265
2023-12-15,81707088.7,911294948.0,0.08966042100784256
2023-12-16,81642104.65,911294948.0,0.08958911143881378
2023-12-17,81603284.22,911294948.0,0.0895465122451222
2023-12-18,81058572.53,911294948.0,0.08894877855725807
2023-12-19,80957551.86,911294948.0,0.08883792457938657
2023-12-20,80819116.73,911294948.0,0.08868601423432888
2023-12-21,80727780.38,911294948.0,0.08858578724393411
2023-12-22,76850174.41,911294948.0,0.08433073680333844
2023-12-23,76503915.0,911294948.0,0.08395077265368533
2023-12-24,76171580.22,911294948.0,0.08358608855143132
2023-12-25,76105787.19,911294948.0,0.08351389125664285
2023-12-26,76063269.96,911294948.0,0.08346723541805479
2023-12-27,75251500.63,911294948.0,0.08257644881621795
2023-12-28,75047182.04,911294948.0,0.08235224194395513
2023-12-29,74973578.22,911294948.0,0.08227147356028139
2023-12-30,74927314.27,911294948.0,0.08222070629760585
2023-12-31,74905236.67,911294948.0,0.08219647967366983
2024-01-01,74779230.47,911294948.0,0.08205820808522687
2024-01-02,74244867.78,911294948.0,0.0814718307645002
2024-01-03,73764045.53,911294948.0,0.0809442054868058
2024-01-04,73792060.55,911294948.0,0.08097494747660995
2024-01-05,73800200.2,911294948.0,0.0809838794365839
2024-01-06,73760674.07,911294948.0,0.08094050585036272
2024-01-07,73837490.38,911294948.0,0.0810247994264092
2024-01-08,73918490.82,911294948.0,0.08111368441384138
2024-01-09,73805710.74,957378568.0,0.07709145912278245
2024-01-10,73861336.12,957378568.0,0.07714956088300486
2024-01-11,73690653.49,957378568.0,0.0769712796516247
2024-01-12,73449269.83,957378568.0,0.07671914985880486
2024-01-13,73344587.06,957378568.0,0.07660980672799018
2024-01-14,73244324.19,957378568.0,0.07650508026622128
2024-01-15,72737503.78,957378568.0,0.07597569677369256
2024-01-16,72712126.07,957378568.0,0.07594918927619027
2024-01-17,72639280.18,957378568.0,0.07587310036796228
2024-01-18,89035209.01,957378568.0,0.09299895776442742
2024-01-19,88970519.92,957378568.0,0.09293138878788855
2024-01-20,88872382.18,957378568.0,0.09282888206455026
2024-01-21,88793799.87,957378568.0,0.09274680135726623
2024-01-22,88756442.89,957378568.0,0.09270778128594999
2024-01-23,88749073.24,957378568.0,0.09270008354730581
2024-01-24,88788223.61,957378568.0,0.09274097684835576
2024-01-25,88757109.48,957378568.0,0.09270847755179747
2024-01-26,88995782.29,957378568.0,0.09295777581058197
2024-01-27,88979751.1,957378568.0,0.09294103092978366
2024-01-28,88708693.37,957378568.0,0.09265790601027953
2024-01-29,88791756.55,957378568.0,0.09274466707092612
2024-01-30,88719196.5,957378568.0,0.0926688767279779
2024-01-31,88773757.29,957378568.0,0.09272586650383426
2024-02-01,88664662.48,957378568.0,0.09261191491389224
2024-02-02,88595816.08,957378568.0,0.09254000354852314
2024-02-03,88627420.62,957378568.0,0.09257301508759072
2024-02-04,88564328.69,957378568.0,0.09250711437484362
2024-02-05,88626085.64,957378568.0,0.09257162067576177
2024-02-06,88641251.53,957378568.0,0.09258746173436379
2024-02-07,88530066.11,957378568.0,0.09247132646278332
2024-02-08,88507007.1,957378568.0,0.09244724089123331
2024-02-09,88460474.63,957378568.0,0.09239863684727899
2024-02-10,88391656.46,957378568.0,0.09232675496867818
2024-02-11,88478776.53,957378568.0,0.092417753527568
2024-02-12,89485371.94,957378568.0,0.09346916144878648
2024-02-13,89637317.03,957378568.0,0.09362787096566799
2024-02-14,89613901.32,957378568.0,0.09360341281422961
2024-02-15,89506695.93,957378568.0,0.09349143475917042
2024-02-16,89478749.54,957378568.0,0.09346224422688351
2024-02-17,89455271.52,957378568.0,0.09343772099147303
2024-02-18,89387473.61,957378568.0,0.09336690479371583
2024-02-19,89332598.52,957378568.0,0.09330958672557207
2024-02-20,90123095.23,957378568.0,0.09413527547234586
2024-02-21,90025883.22,957378568.0,0.09403373569148041
2024-02-22,89863137.64,957378568.0,0.09386374485876313
2024-02-23,89749622.84,957378568.0,0.09374517650576862
2024-02-24,89826439.94,957378568.0,0.09382541341786126
2024-02-25,89683970.94,957378568.0,0.09367660185599642
2024-02-26,89560158.46,957378568.0,0.09354727738170968
2024-02-27,89586226.95,957378568.0,0.0935745064119714
2024-02-28,89509028.29,957378568.0,0.09349387095325076
2024-02-29,89388312.6,957378568.0,0.09336778113462009
2024-03-01,89483009.37,1006141600.0,0.08893679514891344
2024-03-02,89408463.04,1006141600.0,0.0888627038579858
2024-03-03,89310945.83,1006141600.0,0.08876578190385925
2024-03-04,89361017.99,1006141600.0,0.08881554841783701
2024-03-05,88928229.75,1006141600.0,0.08838540196528998
2024-03-06,88897377.05,1006141600.0,0.08835473759359518
2024-03-07,88895436.65,1006141600.0,0.08835280903801215
2024-03-08,88830276.06,1006141600.0,0.0882880461954858
2024-03-09,88512924.77,1006141600.0,0.08797263205298339
2024-03-10,88407597.3,1006141600.0,0.08786794751355077
2024-03-11,88296552.52,1006141600.0,0.08775758056321296
2024-03-12,88219431.85,1006141600.0,0.08768093064634241
2024-03-13,88112918.98,1006141600.0,0.08757506794272298
2024-03-14,87943411.54,1006141600.0,0.0874065951949507
2024-03-15,88118244.96,1006141600.0,0.0875803614123499
2024-03-16,87972794.4,1006141600.0,0.087435798698712
2024-03-17,87971519.81,1006141600.0,0.08743453188895083
2024-03-18,87831849.04,1006141600.0,0.08729571368483323
2024-03-19,87734647.89,1006141600.0,0.08719910586144138
2024-03-20,87788859.65,1006141600.0,0.08725298670684127
2024-03-21,87800313.33,1006141600.0,0.08726437047230727
2024-03-22,87831227.39,1006141600.0,0.08729509582945383
2024-03-23,87936657.08,1006141600.0,0.08739988196492422
2024-03-24,87882593.71,1006141600.0,0.0873461486037353
2024-03-25,87931745.46,1006141600.0,0.08739500032599784
2024-03-26,88559371.16,1006141600.0,0.08801879492906366
2024-03-27,88546971.22,1006141600.0,0.08800647067967371
2024-03-28,88620240.73,1006141600.0,0.08807929294445235
2024-03-29,88533266.3,1006141600.0,0.08799284941602653
2024-03-30,88441500.7,1006141600.0,0.08790164396343418
2024-03-31,88492284.67,1006141600.0,0.08795211794244469
2024-04-01,87858703.55,1006141600.0,0.08732240427192355
2024-04-02,87853392.02,1006141600.0,0.08731712516409221
2024-04-03,87764313.74,1006141600.0,0.08722859062780029
2024-04-04,87633583.12,1006141600.0,0.08709865800201483
2024-04-05,87520023.89,1006141600.0,0.0869857919501589
2024-04-06,87566237.1,1006141600.0,0.08703172306959576
2024-04-07,87528083.95,1006141600.0,0.08699380281065806
2024-04-08,87529307.28,1006141600.0,0.08699501867331597
2024-04-09,87424661.84,1006141600.0,0.08689101200069653
2024-04-10,87453176.85,1006141600.0,0.08691935295191054
2024-04-11,87439930.45,1006141600.0,0.0869061874094064
2024-04-12,87362808.55,1006141600.0,0.08682953627004389
2024-04-13,87380343.63,1006141600.0,0.08684696431396932
2024-04-14,87382509.44,1006141600.0,0.08684911690362469
2024-04-15,87433944.86,1006141600.0,0.0869002383561121
2024-04-16,87473043.36,1045379867.0,0.08367584465829396
2024-04-17,87308271.1,1045379867.0,0.08351822515059015
2024-04-18,88034154.58,1045379867.0,0.08421259807943096
2024-04-19,88054305.71,1045379867.0,0.08423187445028535
2024-04-20,88209367.8,1045379867.0,0.08438020530579053
2024-04-21,88130297.71,1045379867.0,0.08430456764287388
2024-04-22,88071049.91,1045379867.0,0.08424789178573304
2024-04-23,88207736.99,1045379867.0,0.0843786452891387
2024-04-24,88182057.69,1045379867.0,0.08435408072575784
2024-04-25,88158125.71,1045379867.0,0.08433118763133783
2024-04-26,88133480.21,1045379867.0,0.08430761199077119
2024-04-27,88194089.48,1045379867.0,0.08436559021659444
2024-04-28,88295316.35,1045379867.0,0.08446242283523908
2024-04-29,87995713.72,1045379867.0,0.08417582593447823
2024-04-30,89849027.64,1045379867.0,0.08594868762667686
2024-05-01,89888205.58,1045379867.0,0.08598616485503828
2024-05-02,89953943.41,1045379867.0,0.08604904901043019
2024-05-03,89934444.98,1045379867.0,0.08603039700591442
2024-05-04,89945118.96,1045379867.0,0.08604060762918825
2024-05-05,89845344.33,1045379867.0,0.08594516420890666
2024-05-06,90084718.9,1045379867.0,0.08617414754554481
2024-05-07,90179819.12,1045379867.0,0.08626511947163797
2024-05-08,90061355.04,1045379867.0,0.08615179790907529
2024-05-09,90049386.85,1045379867.0,0.08614034925736712
2024-05-10,89690563.55,1045379867.0,0.08579710245175402
2024-05-11,89574704.01,1045379867.0,0.08568627236629191
2024-05-12,89528147.97,1045379867.0,0.08564173732073606
2024-05-13,89525380.25,1045379867.0,0.08563908974726792
2024-05-14,89510478.93,1045379867.0,0.08562483529252818
2024-05-15,89685404.96,1045379867.0,0.08579216779578556
2024-05-16,89710708.21,1045379867.0,0.08581637263347065
2024-05-17,90081005.12,1045379867.0,0.08617059498047518
2024-05-18,90167531.58,1086889963.0,0.08295920898112112
2024-05-19,90151378.06,1086889963.0,0.08294434683265173
2024-05-20,90115137.82,1086889963.0,0.0829110037701213
2024-05-21,90260120.84,1086889963.0,0.08304439631668584
2024-05-22,92102246.58,1086889963.0,0.08473925578057803
2024-05-23,92127087.04,1086889963.0,0.08476211040325893
2024-05-24,92162616.87,1086889963.0,0.08479479984856572
2024-05-25,92208691.7,1086889963.0,0.08483719128796481
2024-05-26,92203522.21,1086889963.0,0.08483243506592211
2024-05-27,92292869.57,1086889963.0,0.08491463967084219
2024-05-28,91509627.27,1086889963.0,0.08419401262793702
2024-05-29,91487195.13,1086889963.0,0.08417337379533792
2024-05-30,91506397.84,1086889963.0,0.08419104137039492
2024-05-31,91617738.87,1086889963.0,0.08429348139081123
2024-06-01,91601800.05,1086889963.0,0.08427881677843777
2024-06-02,91523651.09,1086889963.0,0.08420691533242175
2024-06-03,91550933.4,1086889963.0,0.08423201659467344
2024-06-04,91537560.0,1086889963.0,0.08421971231323258
2024-06-05,91492905.57,1086889963.0,0.08417862772185705
2024-06-06,91623086.54,1086889963.0,0.08429840154849236
2024-06-07,92014800.08,1086889963.0,0.08465880007395007
2024-06-08,92057988.14,1086889963.0,0.08469853552231212
2024-06-09,92077123.42,1086889963.0,0.08471614105797019
2024-06-10,92034538.0,1086889963.0,0.08467696007236016
2024-06-11,92137133.32,1086889963.0,0.08477135354685393
2024-06-12,91992642.8,1086889963.0,0.08463841412803624
2024-06-13,91978806.23,1086889963.0,0.08462568370410097
2024-06-14,91920314.72,1086889963.0,0.08457186821956143
2024-06-15,91843238.31,1086889963.0,0.08450095357997156
2024-06-16,91807293.58,1086889963.0,0.0844678824032898
2024-06-17,91892473.37,1086889963.0,0.08454625260901412
2024-06-18,91702472.8,1086889963.0,0.08437144138021634
2024-06-19,91838845.84,1086889963.0,0.08449691226010521
2024-06-20,91820085.9,1121728540.0,0.08185588814562925
2024-06-21,91833776.37,1121728540.0,0.08186809294341392
2024-06-22,91695638.82,1121728540.0,0.08174494590286523
2024-06-23,91738252.23,1121728540.0,0.08178293496036038
2024-06-24,89867679.15,1121728540.0,0.08011535406774976
2024-06-25,89550269.67,1121728540.0,0.07983238945672186
2024-06-26,89527073.33,1121728540.0,0.07981171035373674
2024-06-27,89473482.64,1121728540.0,0.07976393525656394
2024-06-28,89470105.78,1121728540.0,0.07976092484907267
2024-06-29,89434109.06,1121728540.0,0.07972883444687964
2024-06-30,89541378.2,1121728540.0,0.07982446287762278
2024-07-01,89447407.48,1121728540.0,0.07974068973942662
2024-07-02,89361238.49,1121728540.0,0.07966387169751427
2024-07-03,89475138.26,1121728540.0,0.07976541121080864
2024-07-04,89321546.33,1121728540.0,0.07962848687972225
2024-07-05,89145120.45,1121728540.0,0.07947120650955355
2024-07-06,89045778.22,1121728540.0,0.07938264477072145
2024-07-07,89046442.19,1121728540.0,0.07938323668755008
2024-07-08,89013252.87,1121728540.0,0.07935364902991593
2024-07-09,89124658.75,1121728540.0,0.07945296528694902
2024-07-10,89099698.83,1121728540.0,0.0794307139853997
2024-07-11,89076414.1,1121728540.0,0.07940995608438384
2024-07-12,92518029.94,1121728540.0,0.08247809219510453
2024-07-13,92943666.36,1121728540.0,0.08285753909765013
2024-07-14,92859199.63,1121728540.0,0.08278223858866958
2024-07-15,92797880.88,1121728540.0,0.08272757407063923
2024-07-16,92946179.66,1121728540.0,0.08285977965756314
2024-07-17,93026950.39,1121728540.0,0.08293178525171518
2024-07-18,93064894.96,1121728540.0,0.08296561212572874
2024-07-19,93015735.11,1121728540.0,0.08292178703949174
2024-07-20,92955663.19,1121728540.0,0.08286823404707166
2024-07-21,92890190.72,1121728540.0,0.08280986656539914
2024-07-22,93188485.58,1121728540.0,0.0830757908504316
2024-07-23,93171699.85,1121728540.0,0.08306082668628544
2024-07-24,93043967.81,1121728540.0,0.08294695596316022
2024-07-25,93120682.16,1121728540.0,0.08301534537045835
2024-07-26,93165679.13,1121728540.0,0.08305545932708461
2024-07-27,93148779.86,1121728540.0,0.08304039394415337
2024-07-28,93148485.0,1121728540.0,0.08304013108198174
2024-07-29,93228619.02,1121728540.0,0.08311156906108495
2024-07-30,93425277.44,1121728540.0,0.08328688636200697
2024-07-31,93571168.02,1121728540.0,0.08341694508370091
2024-08-01,93684696.02,1187596466.0,0.07888596733160032
2024-08-02,93417993.02,1187596466.0,0.07866139357474308
2024-08-03,93410284.57,1187596466.0,0.07865490277570428
2024-08-04,93350279.19,1187596466.0,0.07860437603390442
2024-08-05,93392725.92,1187596466.0,0.07864011774518029
2024-08-06,93466317.97,1187596466.0,0.0787020849639342
2024-08-07,93544392.86,1187596466.0,0.0787678268992087
2024-08-08,93565620.84,1187596466.0,0.07878570164084675
2024-08-09,93756790.99,1187596466.0,0.07894667395381083
2024-08-10,93760926.39,1187596466.0,0.07895015611304455
2024-08-11,93802967.7,1187596466.0,0.07898555644573635
2024-08-12,93763961.93,1187596466.0,0.07895271214961666
2024-08-13,93727089.06,1187596466.0,0.07892166383391713
2024-08-14,93598316.3,1187596466.0,0.07881323242334404
2024-08-15,93635648.56,1187596466.0,0.078844667562357
2024-08-16,93595450.05,1187596466.0,0.07881081893519208
2024-08-17,93616514.74,1187596466.0,0.07882855618063113
2024-08-18,93602799.51,1187596466.0,0.07881700745141827
2024-08-19,94643446.01,1187596466.0,0.07969327016336877
2024-08-20,94636174.6,1187596466.0,0.07968714736811956
2024-08-21,94632018.16,1187596466.0,0.07968364749243032
2024-08-22,92140996.58,1187596466.0,0.07758611550129015
2024-08-23,92116210.8,1187596466.0,0.07756524496090914
2024-08-24,92133892.01,1187596466.0,0.07758013319147078
2024-08-25,92119526.8,1187596466.0,0.07756803715513919
2024-08-26,92172616.36,1187596466.0,0.07761274052157713
2024-08-27,92133476.06,1187596466.0,0.07757978294623857
2024-08-28,92170397.75,1187596466.0,0.07761087237017764
2024-08-29,92307798.24,1187596466.0,0.07772656864743482
2024-08-30,96919994.58,1187596466.0,0.08161020797446529
2024-08-31,97025412.98,1187596466.0,0.08169897415306052
2024-09-01,97001934.77,1187596466.0,0.08167920463481743
2024-09-02,96783939.89,1187596466.0,0.08149564491041522
2024-09-03,96746344.69,1187596466.0,0.08146398836623012
2024-09-04,96740198.88,1187596466.0,0.0814588133676713
2024-09-05,96580575.96,1187596466.0,0.08132440498521995
2024-09-06,96505738.28,1187596466.0,0.08126138890009126
2024-09-07,96509530.57,1187596466.0,0.08126458214805768
2024-09-08,96506010.03,1187596466.0,0.08126161772360815
2024-09-09,96449746.37,1187596466.0,0.08121424164797068
2024-09-10,96433178.68,1187596466.0,0.08120029104229416
2024-09-11,96402362.36,1187596466.0,0.08117434256494327
2024-09-12,96551514.37,1187596466.0,0.08129993405520963
2024-09-13,96538989.26,1187596466.0,0.0812893874509054
2024-09-14,96491954.82,1187596466.0,0.08124978271870337
2024-09-15,96486596.71,1187596466.0,0.08124527099257972
2024-09-16,96501088.42,1187596466.0,0.0812574735465742
2024-09-17,96511773.15,1187596466.0,0.08126647048308075
2024-09-18,96431221.88,1187596466.0,0.08119864334456516
2024-09-19,96513438.94,1187596466.0,0.08126787313966291
2024-09-20,96481496.78,1187596466.0,0.08124097666353278
2024-09-21,96486039.19,1187596466.0,0.08124480154018915
2024-09-22,96489241.06,1187596466.0,0.08124749763275231
2024-09-23,96600230.7,1187596466.0,0.08134095500078728
2024-09-24,96571923.69,1187596466.0,0.08131711945495129
2024-09-25,96553128.98,1187596466.0,0.08130129361634528
2024-09-26,96571826.14,1187596466.0,0.08131703731425553
2024-09-27,96485931.78,1187596466.0,0.08124471109700995
2024-09-28,96473587.16,1255070491.0,0.0768670667120322
2024-09-29,96423332.19,1255070491.0,0.07682702516029435
2024-09-30,96085507.81,1255070491.0,0.07655785750602911
2024-10-01,96078504.58,1255070491.0,0.07655227755649623
2024-10-02,96022857.39,1255070491.0,0.0765079396564348
2024-10-03,95990050.24,1255070491.0,0.0764817999692736
2024-10-04,96014791.16,1255070491.0,0.07650151274252212
2024-10-05,95738246.34,1255070491.0,0.07628117068047614
2024-10-06,95716910.94,1255070491.0,0.07626417131657348
2024-10-07,95770622.34,1255070491.0,0.07630696684111586
2024-10-08,95682096.58,1255070491.0,0.07623643234872295
2024-10-09,99118293.62,1255070491.0,0.0789742841782741
2024-10-10,100267291.4,1255070491.0,0.07988976883689636
2024-10-11,99681618.43,1255070491.0,0.07942312335825606
2024-10-12,100498371.7,1255070491.0,0.08007388622445112
2024-10-13,100379230.6,1255070491.0,0.0799789584089584
2024-10-14,100416737.0,1255070491.0,0.08000884230812498
2024-10-15,100286017.3,1255070491.0,0.07990468903471334
2024-10-16,100215734.4,1255070491.0,0.07984868986932464
2024-10-17,100123192.5,1255070491.0,0.07977495544511212
2024-10-18,100045105.5,1255070491.0,0.07971273822260554
2024-10-19,100014220.1,1255070491.0,0.07968812972434071
2024-10-20,99910455.15,1255070491.0,0.07960545313307028
2024-10-21,99597610.78,1255070491.0,0.07935618875131373
2024-10-22,103099325.5,1255070491.0,0.0821462429714635
2024-10-23,104038775.9,1255070491.0,0.08289476698404824
2024-10-24,104069060.1,1255070491.0,0.08291889646539383
2024-10-25,104015724.2,1255070491.0,0.08287640012723398
2024-10-26,104125044.0,1255070491.0,0.0829635026452072
2024-10-27,104192399.7,1255070491.0,0.0830171695113179
2024-10-28,104209804.2,1255070491.0,0.08303103685990496
2024-10-29,103977222.3,1255070491.0,0.08284572304552733
2024-10-30,104020752.0,1255070491.0,0.08288040611736444
2024-10-31,104355322.8,1255070491.0,0.08314698142321314
2024-11-01,104495267.2,1255070491.0,0.08325848464235783
2024-11-02,104336123.9,1255070491.0,0.08313168435413403
2024-11-03,104532690.5,1255070491.0,0.08328830233010394
2024-11-04,104349368.0,1255070491.0,0.08314223682915034
2024-11-05,105595617.9,1255070491.0,0.0841352088645354
2024-11-06,105627446.7,1255070491.0,0.08416056903372769
2024-11-07,105666767.9,1255070491.0,0.08419189890745349
2024-11-08,106307039.9,1255070491.0,0.08470204714581248
2024-11-09,106311596.8,1255070491.0,0.0847056779378936
2024-11-10,106194359.2,1255070491.0,0.08461226677028136
2024-11-11,105929217.4,1255070491.0,0.08440101026962955
2024-11-12,105961244.9,1255070491.0,0.08442652875662265
2024-11-13,105971139.5,1255070491.0,0.08443441245723624
2024-11-14,106015541.5,1255070491.0,0.0844697905497963
2024-11-15,105907309.6,1255070491.0,0.08438355483572595
2024-11-16,105267288.5,1255070491.0,0.08387360650645717
2024-11-17,105243116.7,1255070491.0,0.08385434718981055
2024-11-18,105202049.0,1255070491.0,0.08382162576077967
2024-11-19,105156734.4,1255070491.0,0.08378552053774643
2024-11-20,105123083.3,1255070491.0,0.08375870841823498
2024-11-21,104486181.4,1255070491.0,0.08325124536769944
2024-11-22,104598570.3,1255070491.0,0.0833407932463293
2024-11-23,104491399.5,1255070491.0,0.08325540298277956
2024-11-24,104610277.8,1255070491.0,0.0833501214076429
2024-11-25,104476420.7,1255070491.0,0.0832434683543205
2024-11-26,104333549.2,1255070491.0,0.08312963291557462
2024-11-27,104240738.0,1255070491.0,0.08305568392174077
2024-11-28,103760796.7,1255070491.0,0.0826732820539241
2024-11-29,103690143.2,1255070491.0,0.08261698760631606
2024-11-30,104105543.4,1255070491.0,0.08294796519122367
