Date,Votable Supply,Circulating Supply
2022-06-05,35460574.01,214748364.8
2022-06-06,35676686.11,214748364.8
2022-06-07,35450013.62,214748364.8
2022-06-08,35248663.35,214748364.8
2022-06-09,36641371.68,214748364.8
2022-06-10,35860361.76,214748364.8
2022-06-11,33795831.01,214748364.8
2022-06-12,33507078.69,214748364.8
2022-06-13,33036165.66,214748364.8
2022-06-14,32669370.78,214748364.8
2022-06-15,32486928.5,214748364.8
2022-06-16,32310915.13,214748364.8
2022-06-17,32245071.54,214748364.8
2022-06-18,32142425.5,214748364.8
2022-06-19,32124105.11,214748364.8
2022-06-20,31926883.28,214748364.8
2022-06-21,31840266.9,214748364.8
2022-06-22,31885194.13,214748364.8
2022-06-23,31892503.76,214748364.8
2022-06-24,31892225.41,214748364.8
2022-06-25,31804279.62,214748364.8
2022-06-26,31888597.63,214748364.8
2022-06-27,31828601.19,214748364.8
2022-06-28,31747624.83,214748364.8
2022-06-29,31473289.47,214748364.8
2022-06-30,31387665.21,214748364.8
2022-07-01,31183188.64,214748364.8
2022-07-02,31182901.67,214748364.8
2022-07-03,31228257.81,214748364.8
2022-07-04,31334908.06,214748364.8
2022-07-05,31350317.98,214748364.8
2022-07-06,31377970.71,214748364.8
2022-07-07,31354602.84,214748364.8
2022-07-08,31349983.39,214748364.8
2022-07-09,31340383.37,214748364.8
2022-07-10,31274671.99,214748364.8
2022-07-11,40355622.11,214748364.8
2022-07-12,40183563.57,214748364.8
2022-07-13,31244250.76,214748364.8
2022-07-14,31205695.25,214748364.8
2022-07-15,31108470.37,214748364.8
2022-07-16,30979098.62,214748364.8
2022-07-17,30777929.93,214748364.8
2022-07-18,30263597.28,214748364.8
2022-07-19,30134511.39,214748364.8
2022-07-20,30104452.59,214748364.8
2022-07-21,29909672.44,214748364.8
2022-07-22,29675024.73,214748364.8
2022-07-23,29326175.77,214748364.8
2022-07-24,29206621.86,214748364.8
2022-07-25,29046842.72,214748364.8
2022-07-26,29936695.71,214748364.8
2022-07-27,28865819.85,214748364.8
2022-07-28,27975649.17,214748364.8
2022-07-29,26738393.23,214748364.8
2022-07-30,26234171.83,214748364.8
2022-07-31,25952175.24,214748364.8
2022-08-01,25766675.02,214748364.8
2022-08-02,25653376.7,214748364.8
2022-08-03,25233367.69,214748364.8
2022-08-04,24723167.68,214748364.8
2022-08-05,24529886.36,214748364.8
2022-08-06,24270976.61,214748364.8
2022-08-07,24132438.57,214748364.8
2022-08-08,24170555.47,214748364.8
2022-08-09,23982035.99,214748364.8
2022-08-10,23934953.29,214748364.8
2022-08-11,24032207.4,214748364.8
2022-08-12,23948363.24,214748364.8
2022-08-13,24077333.07,214748364.8
2022-08-14,24028850.13,214748364.8
2022-08-15,23998133.13,214748364.8
2022-08-16,24123825.22,214748364.8
2022-08-17,23708960.67,214748364.8
2022-08-18,23634225.49,214748364.8
2022-08-19,23565688.65,214748364.8
2022-08-20,23484755.32,214748364.8
2022-08-21,23471172.05,214748364.8
2022-08-22,23456412.25,214748364.8
2022-08-23,23553147.99,214748364.8
2022-08-24,32552613.98,214748364.8
2022-08-25,24139099.85,214748364.8
2022-08-26,24037339.05,214748364.8
2022-08-27,24144370.64,214748364.8
2022-08-28,24147144.61,214748364.8
2022-08-29,24142728.98,214748364.8
2022-08-30,24072277.75,214748364.8
2022-08-31,24125958.19,214748364.8
2022-09-01,24208607.33,214748364.8
2022-09-02,24165694.58,214748364.8
2022-09-03,24051279.57,214748364.8
2022-09-04,24039801.5,214748364.8
2022-09-05,24034879.13,214748364.8
2022-09-06,24087193.45,214748364.8
2022-09-07,23540783.14,214748364.8
2022-09-08,23527204.81,214748364.8
2022-09-09,23458316.72,214748364.8
2022-09-10,23482900.95,214748364.8
2022-09-11,23474100.47,214748364.8
2022-09-12,23393868.72,214748364.8
2022-09-13,23339478.69,214748364.8
2022-09-14,23416407.99,214748364.8
2022-09-15,23341721.46,214748364.8
2022-09-16,23271915.2,214748364.8
2022-09-17,23185231.52,214748364.8
2022-09-18,23272015.42,214748364.8
2022-09-19,23283533.07,214748364.8
2022-09-20,23181243.26,214748364.8
2022-09-21,23112234.34,214748364.8
2022-09-22,23077518.98,214748364.8
2022-09-23,22993601.33,214748364.8
2022-09-24,22928739.32,214748364.8
2022-09-25,22871840.71,214748364.8
2022-09-26,22853527.82,214748364.8
2022-09-27,22852134.16,214748364.8
2022-09-28,22871014.79,214748364.8
2022-09-29,22971238.37,214748364.8
2022-09-30,22928277.49,214748364.8
2022-10-01,22730069.79,214748364.8
2022-10-02,22562851.38,214748364.8
2022-10-03,23159947.6,214748364.8
2022-10-04,22705142.0,214748364.8
2022-10-05,22381818.7,214748364.8
2022-10-06,22354057.68,214748364.8
2022-10-07,22397219.66,214748364.8
2022-10-08,22299448.39,214748364.8
2022-10-09,22280822.78,214748364.8
2022-10-10,22279279.23,214748364.8
2022-10-11,22264798.62,214748364.8
2022-10-12,22262516.02,214748364.8
2022-10-13,22297572.88,214748364.8
2022-10-14,22429999.16,214748364.8
2022-10-15,22403368.37,214748364.8
2022-10-16,22396464.44,214748364.8
2022-10-17,24462114.25,214748364.8
2022-10-18,24464785.74,214748364.8
2022-10-19,24704899.74,214748364.8
2022-10-20,24783736.74,214748364.8
2022-10-21,24754972.81,214748364.8
2022-10-22,24806026.98,214748364.8
2022-10-23,24898249.66,214748364.8
2022-10-24,24932134.95,214748364.8
2022-10-25,24920931.03,214748364.8
2022-10-26,24833885.08,214748364.8
2022-10-27,24830839.36,214748364.8
2022-10-28,24764855.21,214748364.8
2022-10-29,24650897.34,214748364.8
2022-10-30,24641332.81,214748364.8
2022-10-31,24625875.66,214748364.8
2022-11-01,24465189.18,214748364.8
2022-11-02,24513707.69,214748364.8
2022-11-03,24528620.95,214748364.8
2022-11-04,24446984.45,214748364.8
2022-11-05,24740393.92,214748364.8
2022-11-06,24709161.68,214748364.8
2022-11-07,24670330.83,214748364.8
2022-11-08,23923669.16,214748364.8
2022-11-09,23823770.19,214748364.8
2022-11-10,23804923.06,214748364.8
2022-11-11,23659763.16,214748364.8
2022-11-12,23601699.45,214748364.8
2022-11-13,23600664.4,214748364.8
2022-11-14,23633311.65,214748364.8
2022-11-15,23657199.03,214748364.8
2022-11-16,23569068.78,214748364.8
2022-11-17,23523762.13,214748364.8
2022-11-18,23478763.04,214748364.8
2022-11-19,23448249.05,214748364.8
2022-11-20,23394729.97,214748364.8
2022-11-21,23453819.02,214748364.8
2022-11-22,23413134.69,214748364.8
2022-11-23,23413362.47,214748364.8
2022-11-24,23393691.12,214748364.8
2022-11-25,23382697.46,214748364.8
2022-11-26,23394490.99,214748364.8
2022-11-27,23760184.35,214748364.8
2022-11-28,23777487.77,214748364.8
2022-11-29,23897806.97,214748364.8
2022-11-30,23731793.76,214748364.8
2022-12-01,23608489.23,214748364.8
2022-12-02,23578524.19,214748364.8
2022-12-03,23530424.74,214748364.8
2022-12-04,23529556.03,214748364.8
2022-12-05,23480848.23,214748364.8
2022-12-06,23507577.53,214748364.8
2022-12-07,23498800.98,214748364.8
2022-12-08,23509499.89,214748364.8
2022-12-09,23459699.83,214748364.8
2022-12-10,23451781.83,214748364.8
2022-12-11,23451124.38,214748364.8
2022-12-12,23519307.1,214748364.8
2022-12-13,23625580.62,214748364.8
2022-12-14,23624239.39,214748364.8
2022-12-15,23710882.93,214748364.8
2022-12-16,23797148.41,214748364.8
2022-12-17,23897239.11,214748364.8
2022-12-18,23908567.06,214748364.8
2022-12-19,23900838.52,214748364.8
2022-12-20,23997014.59,214748364.8
2022-12-21,23969784.82,214748364.8
2022-12-22,24135964.05,214748364.8
2022-12-23,24105439.73,214748364.8
2022-12-24,24001746.03,214748364.8
2022-12-25,23919830.89,214748364.8
2022-12-26,23925921.12,214748364.8
2022-12-27,23895641.72,214748364.8
2022-12-28,23840305.42,214748364.8
2022-12-29,23828483.45,214748364.8
2022-12-30,23793055.9,214748364.8
2022-12-31,23770159.69,214748364.8
2023-01-01,23761839.4,214748364.8
2023-01-02,23752991.25,214748364.8
2023-01-03,23659059.75,214748364.8
2023-01-04,23624683.21,214748364.8
2023-01-05,23608104.36,214748364.8
2023-01-06,23643149.89,214748364.8
2023-01-07,23614361.8,214748364.8
2023-01-08,23534274.24,214748364.8
2023-01-09,23453184.56,214748364.8
2023-01-10,23376050.14,214748364.8
2023-01-11,23437750.92,214748364.8
2023-01-12,23385549.14,214748364.8
2023-01-13,23288831.42,214748364.8
2023-01-14,23082993.59,214748364.8
2023-01-15,22817244.98,214748364.8
2023-01-16,22678920.39,214748364.8
2023-01-17,22674179.01,214748364.8
2023-01-18,22689820.31,214748364.8
2023-01-19,22667298.37,214748364.8
2023-01-20,22586628.44,214748364.8
2023-01-21,22154149.09,214748364.8
2023-01-22,22073698.74,214748364.8
2023-01-23,21963639.36,214748364.8
2023-01-24,21890899.22,214748364.8
2023-01-25,21824514.51,214748364.8
2023-01-26,21757831.44,214748364.8
2023-01-27,21733127.83,214748364.8
2023-01-28,21654118.88,214748364.8
2023-01-29,21643826.05,214748364.8
2023-01-30,21572050.77,214748364.8
2023-01-31,21542231.36,214748364.8
2023-02-01,21438533.99,214748364.8
2023-02-02,21157459.83,214748364.8
2023-02-03,21036028.77,214748364.8
2023-02-04,20847119.92,214748364.8
2023-02-05,21407876.05,214748364.8
2023-02-06,21315147.06,214748364.8
2023-02-07,22280209.68,214748364.8
2023-02-08,22245837.37,214748364.8
2023-02-09,32130718.79,214748364.8
2023-02-10,31493607.25,214748364.8
2023-02-11,31657706.53,214748364.8
2023-02-12,31777507.19,214748364.8
2023-02-13,32695144.84,214748364.8
2023-02-14,32728363.44,214748364.8
2023-02-15,32916984.32,214748364.8
2023-02-16,38600315.14,214748364.8
2023-02-17,39243782.64,214748364.8
2023-02-18,39143767.88,214748364.8
2023-02-19,39055292.4,214748364.8
2023-02-20,39099554.03,214748364.8
2023-02-21,39948099.83,214748364.8
2023-02-22,40057130.72,317487381.0
2023-02-23,40137278.96,314844141.0
2023-02-24,39882792.3,314844141.0
2023-02-25,39828767.4,314844141.0
2023-02-26,39818899.07,314844141.0
2023-02-27,40871420.15,314844141.0
2023-02-28,41100967.69,314844141.0
2023-03-01,41124182.65,314844141.0
2023-03-02,41123900.47,314844141.0
2023-03-03,41059977.08,314844141.0
2023-03-04,41057918.68,314844141.0
2023-03-05,40994131.96,314844141.0
2023-03-06,41051208.97,314844141.0
2023-03-07,40939436.91,314844141.0
2023-03-08,41004867.22,314844141.0
2023-03-09,41135701.38,314844141.0
2023-03-10,41290561.7,314844141.0
2023-03-11,41415357.34,314844141.0
2023-03-12,41523208.56,314844141.0
2023-03-13,41271580.31,314844141.0
2023-03-14,41170462.98,314844141.0
2023-03-15,41173027.15,314844141.0
2023-03-16,41262155.55,314844141.0
2023-03-17,41300468.41,314844141.0
2023-03-18,41142186.51,314844141.0
2023-03-19,41112408.98,314844141.0
2023-03-20,41046796.78,314844141.0
2023-03-21,41010813.83,314844141.0
2023-03-22,41070557.99,314844141.0
2023-03-23,40061197.09,314844141.0
2023-03-24,40054680.97,314844141.0
2023-03-25,40005627.23,314844141.0
2023-03-26,40005599.63,314844141.0
2023-03-27,40130930.75,314844141.0
2023-03-28,40089544.79,314844141.0
2023-03-29,40076278.98,314844141.0
2023-03-30,40188321.78,314844141.0
2023-03-31,40330299.13,314844141.0
2023-04-01,40371626.58,314844141.0
2023-04-02,40361904.41,314844141.0
2023-04-03,40354890.24,314844141.0
2023-04-04,40350616.07,314844141.0
2023-04-05,40184945.37,314844141.0
2023-04-06,40225054.21,314844141.0
2023-04-07,40131353.46,314844141.0
2023-04-08,40105463.89,314844141.0
2023-04-09,40084805.96,314844141.0
2023-04-10,39995882.24,314844141.0
2023-04-11,39999024.71,314844141.0
2023-04-12,39973828.28,314844141.0
2023-04-13,39982268.63,314844141.0
2023-04-14,39907014.06,314844141.0
2023-04-15,39823522.13,314844141.0
2023-04-16,39788259.14,314844141.0
2023-04-17,39734217.21,314844141.0
2023-04-18,39631752.84,314844141.0
2023-04-19,39578267.64,314844141.0
2023-04-20,39522862.16,314844141.0
2023-04-21,39503294.68,314844141.0
2023-04-22,39492761.47,314844141.0
2023-04-23,39458880.46,314844141.0
2023-04-24,39458801.14,314844141.0
2023-04-25,39453801.55,314844141.0
2023-04-26,39471014.53,314844141.0
2023-04-27,40486042.71,314844141.0
2023-04-28,40406446.43,314844141.0
2023-04-29,40438405.41,314844141.0
2023-04-30,40480514.96,314844141.0
2023-05-01,40416413.89,314844141.0
2023-05-02,40372476.46,314844141.0
2023-05-03,40330312.35,314844141.0
2023-05-04,40358201.14,314844141.0
2023-05-05,40385951.43,314844141.0
2023-05-06,40323873.47,314844141.0
2023-05-07,40253848.36,314844141.0
2023-05-08,40276824.93,314844141.0
2023-05-09,38274003.39,314844141.0
2023-05-10,38249154.64,314844141.0
2023-05-11,38347780.17,314844141.0
2023-05-12,38329848.15,335376391.0
2023-05-13,38327226.64,335376391.0
2023-05-14,38287902.53,335376391.0
2023-05-15,38229759.73,335376391.0
2023-05-16,38225744.62,335376391.0
2023-05-17,38480311.67,335376391.0
2023-05-18,38475204.19,335376391.0
2023-05-19,38490523.75,335376391.0
2023-05-20,38492209.77,335376391.0
2023-05-21,38367988.28,335376391.0
2023-05-22,38360734.16,335376391.0
2023-05-23,38312564.67,335376391.0
2023-05-24,38295470.22,335376391.0
2023-05-25,38355117.9,335376391.0
2023-05-26,38347685.33,335376391.0
2023-05-27,38326184.73,335376391.0
2023-05-28,38327561.46,335376391.0
2023-05-29,38269024.26,335376391.0
2023-05-30,38092349.73,335376391.0
2023-05-31,38340310.39,644594782.0
2023-06-01,37725261.23,644594782.0
2023-06-02,37957370.83,644594782.0
2023-06-03,37968933.28,644594782.0
2023-06-04,37943549.39,644594782.0
2023-06-05,37937741.35,644594782.0
2023-06-06,38063561.19,644594782.0
2023-06-07,37955071.42,644594782.0
2023-06-08,37884120.66,644594782.0
2023-06-09,38006759.19,644594782.0
2023-06-10,38887193.01,644594782.0
2023-06-11,38870616.33,644594782.0
2023-06-12,38911349.47,644594782.0
2023-06-13,38893008.3,644594782.0
2023-06-14,38848717.74,644594782.0
2023-06-15,38897741.02,644594782.0
2023-06-16,38998203.21,644594782.0
2023-06-17,38929483.27,644594782.0
2023-06-18,38909327.45,644594782.0
2023-06-19,38925564.16,644594782.0
2023-06-20,39369491.33,644594782.0
2023-06-21,39382665.9,644594782.0
2023-06-22,39597165.79,644594782.0
2023-06-23,39658098.92,644594782.0
2023-06-24,39649981.51,644594782.0
2023-06-25,39704939.58,644594782.0
2023-06-26,39724037.63,644594782.0
2023-06-27,39802833.01,644594782.0
2023-06-28,40012116.56,644594782.0
2023-06-29,38532395.74,644594782.0
2023-06-30,38723350.59,644594782.0
2023-07-01,38866123.81,644594782.0
2023-07-02,38850671.91,644594782.0
2023-07-03,38712399.4,644594782.0
2023-07-04,38683876.44,644594782.0
2023-07-05,38648692.29,644594782.0
2023-07-06,38718262.75,644594782.0
2023-07-07,38725909.2,644594782.0
2023-07-08,38733337.64,644594782.0
2023-07-09,38692178.84,644594782.0
2023-07-10,38707208.4,644594782.0
2023-07-11,38706899.56,644594782.0
2023-07-12,38763286.94,644594782.0
2023-07-13,47015135.98,644594782.0
2023-07-14,47283165.27,644594782.0
2023-07-15,47388940.8,644594782.0
2023-07-16,47403276.91,644594782.0
2023-07-17,47542552.07,644594782.0
2023-07-18,47557484.16,644594782.0
2023-07-19,47641032.14,679080066.0
2023-07-20,47379340.38,679080066.0
2023-07-21,47357546.89,679080066.0
2023-07-22,47418408.36,679080066.0
2023-07-23,47348623.44,679080066.0
2023-07-24,47321411.32,679080066.0
2023-07-25,47774195.0,679080066.0
2023-07-26,47850741.76,679080066.0
2023-07-27,48221377.07,679080066.0
2023-07-28,48775625.92,679080066.0
2023-07-29,48493907.21,679080066.0
2023-07-30,48528020.07,679080066.0
2023-07-31,48521609.26,716708907.0
2023-08-01,48670131.21,716708907.0
2023-08-02,48677351.32,716708907.0
2023-08-03,48522815.3,716708907.0
2023-08-04,48508306.6,716708907.0
2023-08-05,48473897.57,716708907.0
2023-08-06,48536829.36,716708907.0
2023-08-07,48472630.15,716708907.0
2023-08-08,48191057.21,716708907.0
2023-08-09,48170624.96,716708907.0
2023-08-10,48116772.53,716708907.0
2023-08-11,48078324.31,716708907.0
2023-08-12,48100264.37,716708907.0
2023-08-13,48044481.7,716708907.0
2023-08-14,48137604.29,716708907.0
2023-08-15,48136767.23,716708907.0
2023-08-16,48036954.58,716708907.0
2023-08-17,49380747.53,716708907.0
2023-08-18,49662382.31,716708907.0
2023-08-19,49759925.2,716708907.0
2023-08-20,49727381.7,716708907.0
2023-08-21,49732607.89,716708907.0
2023-08-22,49653198.96,716708907.0
2023-08-23,49511066.43,716708907.0
2023-08-24,49419570.3,716708907.0
2023-08-25,49542934.27,716708907.0
2023-08-26,49452754.27,716708907.0
2023-08-27,49110058.34,716708907.0
2023-08-28,48923652.31,716708907.0
2023-08-29,49206550.91,716708907.0
2023-08-30,49210238.62,716708907.0
2023-08-31,49344832.21,798517235.0
2023-09-01,49406645.9,798517235.0
2023-09-02,49420792.14,798517235.0
2023-09-03,49398855.38,798517235.0
2023-09-04,49400563.1,798517235.0
2023-09-05,49398147.25,798517235.0
2023-09-06,49512024.82,798517235.0
2023-09-07,49495267.73,798517235.0
2023-09-08,49431525.11,798517235.0
2023-09-09,49383966.08,798517235.0
2023-09-10,49298037.38,798517235.0
2023-09-11,49316219.32,798517235.0
2023-09-12,49279368.2,798517235.0
2023-09-13,49339576.6,798517235.0
2023-09-14,49551231.01,798517235.0
2023-09-15,49760172.43,798517235.0
2023-09-16,49821032.88,798517235.0
2023-09-17,49836702.53,798517235.0
2023-09-18,68862511.59,798517235.0
2023-09-19,69103749.51,798517235.0
2023-09-20,69163077.87,798517235.0
2023-09-21,69108372.49,798517235.0
2023-09-22,69032037.03,798517235.0
2023-09-23,68981595.28,798517235.0
2023-09-24,69021596.49,798517235.0
2023-09-25,69030360.39,798517235.0
2023-09-26,69005868.88,798517235.0
2023-09-27,69547516.09,798517235.0
2023-09-28,69443623.86,798517235.0
2023-09-29,69472769.34,798517235.0
2023-09-30,69522301.94,798517235.0
2023-10-01,69497087.97,798517235.0
2023-10-02,69446903.39,798517235.0
2023-10-03,69442908.16,880444572.0
2023-10-04,69485403.35,880444572.0
2023-10-05,69399436.81,880444572.0
2023-10-06,69348058.67,880444572.0
2023-10-07,69328602.99,880444572.0
2023-10-08,69316281.65,880444572.0
2023-10-09,70165773.95,880444572.0
2023-10-10,70125581.41,880444572.0
2023-10-11,70361321.03,880444572.0
2023-10-12,70278001.07,880444572.0
2023-10-13,70506312.97,880444572.0
2023-10-14,70442539.9,880444572.0
2023-10-15,70365396.45,880444572.0
2023-10-16,70422268.92,880444572.0
2023-10-17,70367600.48,880444572.0
2023-10-18,70461754.83,880444572.0
2023-10-19,70467516.83,880444572.0
2023-10-20,70643484.13,880444572.0
2023-10-21,70552905.46,880444572.0
2023-10-22,70571743.85,880444572.0
2023-10-23,70410628.42,880444572.0
2023-10-24,70355494.42,880444572.0
2023-10-25,70326202.72,880444572.0
2023-10-26,70364242.02,880444572.0
2023-10-27,80611553.41,880444572.0
2023-10-28,80602286.22,880444572.0
2023-10-29,80620145.37,880444572.0
2023-10-30,80595581.36,880444572.0
2023-10-31,80640893.17,880444572.0
2023-11-01,80211276.8,880444572.0
2023-11-02,80276095.14,880444572.0
2023-11-03,80284076.76,880444572.0
2023-11-04,80271991.03,880444572.0
2023-11-05,80173556.79,880444572.0
2023-11-06,80199957.2,880444572.0
2023-11-07,80172933.48,880444572.0
2023-11-08,80197088.64,880444572.0
2023-11-09,80788630.37,880917403.0
2023-11-10,80583250.56,880917403.0
2023-11-11,80601870.68,880917403.0
2023-11-12,80743813.33,880917403.0
2023-11-13,80552719.14,880917403.0
2023-11-14,80013734.32,880917403.0
2023-11-15,79984044.1,880917403.0
2023-11-16,79738043.34,880917403.0
2023-11-17,82152451.71,880917403.0
2023-11-18,81903232.84,880917403.0
2023-11-19,81855965.05,880917403.0
2023-11-20,81603016.45,880917403.0
2023-11-21,81513468.74,880917403.0
2023-11-22,81662879.02,880917403.0
2023-11-23,81802455.51,880917403.0
2023-11-24,81798513.71,880917403.0
2023-11-25,82265543.75,880917403.0
2023-11-26,82239889.19,880917403.0
2023-11-27,82252049.56,880917403.0
2023-11-28,82295697.84,880917403.0
2023-11-29,82025111.85,880917403.0
2023-11-30,82125172.13,880917403.0
2023-12-01,83479896.3,911294948.0
2023-12-02,83566803.02,911294948.0
2023-12-03,82899327.5,911294948.0
2023-12-04,82765569.72,911294948.0
2023-12-05,82498452.48,911294948.0
2023-12-06,82944352.75,911294948.0
2023-12-07,82127363.78,911294948.0
2023-12-08,82158482.04,911294948.0
2023-12-09,82051659.44,911294948.0
2023-12-10,82000609.04,911294948.0
2023-12-11,81792099.12,911294948.0
2023-12-12,81534903.35,911294948.0
2023-12-13,81700583.44,911294948.0
2023-12-14,81731496.13,911294948.0
2023-12-15,81707088.7,911294948.0
2023-12-16,81642104.65,911294948.0
2023-12-17,81603284.22,911294948.0
2023-12-18,81058572.53,911294948.0
2023-12-19,80957551.86,911294948.0
2023-12-20,80819116.73,911294948.0
2023-12-21,80727780.38,911294948.0
2023-12-22,76850174.41,911294948.0
2023-12-23,76503915.0,911294948.0
2023-12-24,76171580.22,911294948.0
2023-12-25,76105787.19,911294948.0
2023-12-26,76063269.96,911294948.0
2023-12-27,75251500.63,911294948.0
2023-12-28,75047182.04,911294948.0
2023-12-29,74973578.22,911294948.0
2023-12-30,74927314.27,911294948.0
2023-12-31,74905236.67,911294948.0
2024-01-01,74779230.47,911294948.0
2024-01-02,74244867.78,911294948.0
2024-01-03,73764045.53,911294948.0
2024-01-04,73792060.55,911294948.0
2024-01-05,73800200.2,911294948.0
2024-01-06,73760674.07,911294948.0
2024-01-07,73837490.38,911294948.0
2024-01-08,73918490.82,911294948.0
2024-01-09,73805710.74,957378568.0
2024-01-10,73861336.12,957378568.0
2024-01-11,73690653.49,957378568.0
2024-01-12,73449269.83,957378568.0
2024-01-13,73344587.06,957378568.0
2024-01-14,73244324.19,957378568.0
2024-01-15,72737503.78,957378568.0
2024-01-16,72712126.07,957378568.0
2024-01-17,72639280.18,957378568.0
2024-01-18,89035209.01,957378568.0
2024-01-19,88970519.92,957378568.0
2024-01-20,88872382.18,957378568.0
2024-01-21,88793799.87,957378568.0
2024-01-22,88756442.89,957378568.0
2024-01-23,88749073.24,957378568.0
2024-01-24,88788223.61,957378568.0
2024-01-25,88757109.48,957378568.0
2024-01-26,88995782.29,957378568.0
2024-01-27,88979751.1,957378568.0
2024-01-28,88708693.37,957378568.0
2024-01-29,88791756.55,957378568.0
2024-01-30,88719196.5,957378568.0
2024-01-31,88773757.29,957378568.0
2024-02-01,88664662.48,957378568.0
2024-02-02,88595816.08,957378568.0
2024-02-03,88627420.62,957378568.0
2024-02-04,88564328.69,957378568.0
2024-02-05,88626085.64,957378568.0
2024-02-06,88641251.53,957378568.0
2024-02-07,88530066.11,957378568.0
2024-02-08,88507007.1,957378568.0
2024-02-09,88460474.63,957378568.0
2024-02-10,88391656.46,957378568.0
2024-02-11,88478776.53,957378568.0
2024-02-12,89485371.94,957378568.0
2024-02-13,89637317.03,957378568.0
2024-02-14,89613901.32,957378568.0
2024-02-15,89506695.93,957378568.0
2024-02-16,89478749.54,957378568.0
2024-02-17,89455271.52,957378568.0
2024-02-18,89387473.61,957378568.0
2024-02-19,89332598.52,957378568.0
2024-02-20,90123095.23,957378568.0
2024-02-21,90025883.22,957378568.0
2024-02-22,89863137.64,957378568.0
2024-02-23,89749622.84,957378568.0
2024-02-24,89826439.94,957378568.0
2024-02-25,89683970.94,957378568.0
2024-02-26,89560158.46,957378568.0
2024-02-27,89586226.95,957378568.0
2024-02-28,89509028.29,957378568.0
2024-02-29,89388312.6,957378568.0
2024-03-01,89483009.37,1006141600.0
2024-03-02,89408463.04,1006141600.0
2024-03-03,89310945.83,1006141600.0
2024-03-04,89361017.99,1006141600.0
2024-03-05,88928229.75,1006141600.0
2024-03-06,88897377.05,1006141600.0
2024-03-07,88895436.65,1006141600.0
2024-03-08,88830276.06,1006141600.0
2024-03-09,88512924.77,1006141600.0
2024-03-10,88407597.3,1006141600.0
2024-03-11,88296552.52,1006141600.0
2024-03-12,88219431.85,1006141600.0
2024-03-13,88112918.98,1006141600.0
2024-03-14,87943411.54,1006141600.0
2024-03-15,88118244.96,1006141600.0
2024-03-16,87972794.4,1006141600.0
2024-03-17,87971519.81,1006141600.0
2024-03-18,87831849.04,1006141600.0
2024-03-19,87734647.89,1006141600.0
2024-03-20,87788859.65,1006141600.0
2024-03-21,87800313.33,1006141600.0
2024-03-22,87831227.39,1006141600.0
2024-03-23,87936657.08,1006141600.0
2024-03-24,87882593.71,1006141600.0
2024-03-25,87931745.46,1006141600.0
2024-03-26,88559371.16,1006141600.0
2024-03-27,88546971.22,1006141600.0
2024-03-28,88620240.73,1006141600.0
2024-03-29,88533266.3,1006141600.0
2024-03-30,88441500.7,1006141600.0
2024-03-31,88492284.67,1006141600.0
2024-04-01,87858703.55,1006141600.0
2024-04-02,87853392.02,1006141600.0
2024-04-03,87764313.74,1006141600.0
2024-04-04,87633583.12,1006141600.0
2024-04-05,87520023.89,1006141600.0
2024-04-06,87566237.1,1006141600.0
2024-04-07,87528083.95,1006141600.0
2024-04-08,87529307.28,1006141600.0
2024-04-09,87424661.84,1006141600.0
2024-04-10,87453176.85,1006141600.0
2024-04-11,87439930.45,1006141600.0
2024-04-12,87362808.55,1006141600.0
2024-04-13,87380343.63,1006141600.0
2024-04-14,87382509.44,1006141600.0
2024-04-15,87433944.86,1006141600.0
2024-04-16,87473043.36,1045379867.0
2024-04-17,87308271.1,1045379867.0
2024-04-18,88034154.58,1045379867.0
2024-04-19,88054305.71,1045379867.0
2024-04-20,88209367.8,1045379867.0
2024-04-21,88130297.71,1045379867.0
2024-04-22,88071049.91,1045379867.0
2024-04-23,88207736.99,1045379867.0
2024-04-24,88182057.69,1045379867.0
2024-04-25,88158125.71,1045379867.0
2024-04-26,88133480.21,1045379867.0
2024-04-27,88194089.48,1045379867.0
2024-04-28,88295316.35,1045379867.0
2024-04-29,87995713.72,1045379867.0
2024-04-30,89849027.64,1045379867.0
2024-05-01,89888205.58,1045379867.0
2024-05-02,89953943.41,1045379867.0
2024-05-03,89934444.98,1045379867.0
2024-05-04,89945118.96,1045379867.0
2024-05-05,89845344.33,1045379867.0
2024-05-06,90084718.9,1045379867.0
2024-05-07,90179819.12,1045379867.0
2024-05-08,90061355.04,1045379867.0
2024-05-09,90049386.85,1045379867.0
2024-05-10,89690563.55,1045379867.0
2024-05-11,89574704.01,1045379867.0
2024-05-12,89528147.97,1045379867.0
2024-05-13,89525380.25,1045379867.0
2024-05-14,89510478.93,1045379867.0
2024-05-15,89685404.96,1045379867.0
2024-05-16,89710708.21,1045379867.0
2024-05-17,90081005.12,1045379867.0
2024-05-18,90167531.58,1086889963.0
2024-05-19,90151378.06,1086889963.0
2024-05-20,90115137.82,1086889963.0
2024-05-21,90260120.84,1086889963.0
2024-05-22,92102246.58,1086889963.0
2024-05-23,92127087.04,1086889963.0
2024-05-24,92162616.87,1086889963.0
2024-05-25,92208691.7,1086889963.0
2024-05-26,92203522.21,1086889963.0
2024-05-27,92292869.57,1086889963.0
2024-05-28,91509627.27,1086889963.0
2024-05-29,91487195.13,1086889963.0
2024-05-30,91506397.84,1086889963.0
2024-05-31,91617738.87,1086889963.0
2024-06-01,91601800.05,1086889963.0
2024-06-02,91523651.09,1086889963.0
2024-06-03,91550933.4,1086889963.0
2024-06-04,91537560.0,1086889963.0
2024-06-05,91492905.57,1086889963.0
2024-06-06,91623086.54,1086889963.0
2024-06-07,92014800.08,1086889963.0
2024-06-08,92057988.14,1086889963.0
2024-06-09,92077123.42,1086889963.0
2024-06-10,92034538.0,1086889963.0
2024-06-11,92137133.32,1086889963.0
2024-06-12,91992642.8,1086889963.0
2024-06-13,91978806.23,1086889963.0
2024-06-14,91920314.72,1086889963.0
2024-06-15,91843238.31,1086889963.0
2024-06-16,91807293.58,1086889963.0
2024-06-17,91892473.37,1086889963.0
2024-06-18,91702472.8,1086889963.0
2024-06-19,91838845.84,1086889963.0
2024-06-20,91820085.9,1121728540.0
2024-06-21,91833776.37,1121728540.0
2024-06-22,91695638.82,1121728540.0
2024-06-23,91738252.23,1121728540.0
2024-06-24,89867679.15,1121728540.0
2024-06-25,89550269.67,1121728540.0
2024-06-26,89527073.33,1121728540.0
2024-06-27,89473482.64,1121728540.0
2024-06-28,89470105.78,1121728540.0
2024-06-29,89434109.06,1121728540.0
2024-06-30,89541378.2,1121728540.0
2024-07-01,89447407.48,1121728540.0
2024-07-02,89361238.49,1121728540.0
2024-07-03,89475138.26,1121728540.0
2024-07-04,89321546.33,1121728540.0
2024-07-05,89145120.45,1121728540.0
2024-07-06,89045778.22,1121728540.0
2024-07-07,89046442.19,1121728540.0
2024-07-08,89013252.87,1121728540.0
2024-07-09,89124658.75,1121728540.0
2024-07-10,89099698.83,1121728540.0
2024-07-11,89076414.1,1121728540.0
2024-07-12,92518029.94,1121728540.0
2024-07-13,92943666.36,1121728540.0
2024-07-14,92859199.63,1121728540.0
2024-07-15,92797880.88,1121728540.0
2024-07-16,92946179.66,1121728540.0
2024-07-17,93026950.39,1121728540.0
2024-07-18,93064894.96,1121728540.0
2024-07-19,93015735.11,1121728540.0
2024-07-20,92955663.19,1121728540.0
2024-07-21,92890190.72,1121728540.0
2024-07-22,93188485.58,1121728540.0
2024-07-23,93171699.85,1121728540.0
2024-07-24,93043967.81,1121728540.0
2024-07-25,93120682.16,1121728540.0
2024-07-26,93165679.13,1121728540.0
2024-07-27,93148779.86,1121728540.0
2024-07-28,93148485.0,1121728540.0
2024-07-29,93228619.02,1121728540.0
2024-07-30,93425277.44,1121728540.0
2024-07-31,93571168.02,1121728540.0
2024-08-01,93684696.02,1187596466.0
2024-08-02,93417993.02,1187596466.0
2024-08-03,93410284.57,1187596466.0
2024-08-04,93350279.19,1187596466.0
2024-08-05,93392725.92,1187596466.0
2024-08-06,93466317.97,1187596466.0
2024-08-07,93544392.86,1187596466.0
2024-08-08,93565620.84,1187596466.0
2024-08-09,93756790.99,1187596466.0
2024-08-10,93760926.39,1187596466.0
2024-08-11,93802967.7,1187596466.0
2024-08-12,93763961.93,1187596466.0
2024-08-13,93727089.06,1187596466.0
2024-08-14,93598316.3,1187596466.0
2024-08-15,93635648.56,1187596466.0
2024-08-16,93595450.05,1187596466.0
2024-08-17,93616514.74,1187596466.0
2024-08-18,93602799.51,1187596466.0
2024-08-19,94643446.01,1187596466.0
2024-08-20,94636174.6,1187596466.0
2024-08-21,94632018.16,1187596466.0
2024-08-22,92140996.58,1187596466.0
2024-08-23,92116210.8,1187596466.0
2024-08-24,92133892.01,1187596466.0
2024-08-25,92119526.8,1187596466.0
2024-08-26,92172616.36,1187596466.0
2024-08-27,92133476.06,1187596466.0
2024-08-28,92170397.75,1187596466.0
2024-08-29,92307798.24,1187596466.0
2024-08-30,96919994.58,1187596466.0
2024-08-31,97025412.98,1187596466.0
2024-09-01,97001934.77,1187596466.0
2024-09-02,96783939.89,1187596466.0
2024-09-03,96746344.69,1187596466.0
2024-09-04,96740198.88,1187596466.0
2024-09-05,96580575.96,1187596466.0
2024-09-06,96505738.28,1187596466.0
2024-09-07,96509530.57,1187596466.0
2024-09-08,96506010.03,1187596466.0
2024-09-09,96449746.37,1187596466.0
2024-09-10,96433178.68,1187596466.0
2024-09-11,96402362.36,1187596466.0
2024-09-12,96551514.37,1187596466.0
2024-09-13,96538989.26,1187596466.0
2024-09-14,96491954.82,1187596466.0
2024-09-15,96486596.71,1187596466.0
2024-09-16,96501088.42,1187596466.0
2024-09-17,96511773.15,1187596466.0
2024-09-18,96431221.88,1187596466.0
2024-09-19,96513438.94,1187596466.0
2024-09-20,96481496.78,1187596466.0
2024-09-21,96486039.19,1187596466.0
2024-09-22,96489241.06,1187596466.0
2024-09-23,96600230.7,1187596466.0
2024-09-24,96571923.69,1187596466.0
2024-09-25,96553128.98,1187596466.0
2024-09-26,96571826.14,1187596466.0
2024-09-27,96485931.78,1187596466.0
2024-09-28,96473587.16,1255070491.0
2024-09-29,96423332.19,1255070491.0
2024-09-30,96085507.81,1255070491.0
2024-10-01,96078504.58,1255070491.0
2024-10-02,96022857.39,1255070491.0
2024-10-03,95990050.24,1255070491.0
2024-10-04,96014791.16,1255070491.0
2024-10-05,95738246.34,1255070491.0
2024-10-06,95716910.94,1255070491.0
2024-10-07,95770622.34,1255070491.0
2024-10-08,95682096.58,1255070491.0
2024-10-09,99118293.62,1255070491.0
2024-10-10,100267291.4,1255070491.0
2024-10-11,99681618.43,1255070491.0
2024-10-12,100498371.7,1255070491.0
2024-10-13,100379230.6,1255070491.0
2024-10-14,100416737.0,1255070491.0
2024-10-15,100286017.3,1255070491.0
2024-10-16,100215734.4,1255070491.0
2024-10-17,100123192.5,1255070491.0
2024-10-18,100045105.5,1255070491.0
2024-10-19,100014220.1,1255070491.0
2024-10-20,99910455.15,1255070491.0
2024-10-21,99597610.78,1255070491.0
2024-10-22,103099325.5,1255070491.0
2024-10-23,104038775.9,1255070491.0
2024-10-24,104069060.1,1255070491.0
2024-10-25,104015724.2,1255070491.0
2024-10-26,104125044.0,1255070491.0
2024-10-27,104192399.7,1255070491.0
2024-10-28,104209804.2,1255070491.0
2024-10-29,103977222.3,1255070491.0
2024-10-30,104020752.0,1255070491.0
2024-10-31,104355322.8,1255070491.0
2024-11-01,104495267.2,1255070491.0
2024-11-02,104336123.9,1255070491.0
2024-11-03,104532690.5,1255070491.0
2024-11-04,104349368.0,1255070491.0
2024-11-05,105595617.9,1255070491.0
2024-11-06,105627446.7,1255070491.0
2024-11-07,105666767.9,1255070491.0
2024-11-08,106307039.9,1255070491.0
2024-11-09,106311596.8,1255070491.0
2024-11-10,106194359.2,1255070491.0
2024-11-11,105929217.4,1255070491.0
2024-11-12,105961244.9,1255070491.0
2024-11-13,105971139.5,1255070491.0
2024-11-14,106015541.5,1255070491.0
2024-11-15,105907309.6,1255070491.0
2024-11-16,105267288.5,1255070491.0
2024-11-17,105243116.7,1255070491.0
2024-11-18,105202049.0,1255070491.0
2024-11-19,105156734.4,1255070491.0
2024-11-20,105123083.3,1255070491.0
2024-11-21,104486181.4,1255070491.0
2024-11-22,104598570.3,1255070491.0
2024-11-23,104491399.5,1255070491.0
2024-11-24,104610277.8,1255070491.0
2024-11-25,104476420.7,1255070491.0
2024-11-26,104333549.2,1255070491.0
2024-11-27,104240738.0,1255070491.0
2024-11-28,103760796.7,1255070491.0
2024-11-29,103690143.2,1255070491.0
2024-11-30,104105543.4,1255070491.0
