Date,Price (USD),Market Cap (USD),Total Volume (USD),Circulating Supply,LAR
04-12-2023,0.0923052724014764,2437544998.8030987,10049888.103144314,26407429774.98768,0.0003805704753842
05-12-2023,0.0945130412773837,2496327335.8634167,27758916.579285126,26412517279.35633,0.0010509758038466
06-12-2023,0.0965608147116669,2545500927.360162,22861093.35713368,26361634737.249184,0.0008672107623443
07-12-2023,0.0938048944412137,2475589476.786773,22961022.61231544,26390834844.318195,0.0008700377516575
08-12-2023,0.0944814708450621,2496745802.556738,12360323.26100296,26425771955.34021,0.0004677374527371
09-12-2023,0.0988215074396664,2606864298.620907,15129607.419086805,26379523710.589787,0.0005735360344285
10-12-2023,0.1070855826711854,2826064356.7854576,42739359.51831418,26390708126.070595,0.001619485135228
11-12-2023,0.1058367146652279,2792889739.947766,27707359.77601858,26388666246.69856,0.0010499719658808
12-12-2023,0.098452944762076,2602345019.510352,29652266.05079849,26432373615.631783,0.0011218162425361
13-12-2023,0.1009564470426928,2671025661.610408,19920279.036358465,26457207437.98437,0.0007529244756103
14-12-2023,0.1026785078727101,2712865690.941844,19243204.233939327,26420969170.149666,0.0007283307478243
15-12-2023,0.1021645624476141,2699378436.768436,16383928.191010883,26421866566.0372,0.0006200897332541
16-12-2023,0.0978245015878116,2587287239.75746,16517634.105449092,26448253737.689583,0.000624526453401
17-12-2023,0.1013287263802785,2672681942.385308,13806431.408147348,26376349904.51719,0.0005234398033892
18-12-2023,0.0981335213990731,2594589440.5764685,8611628.617803473,26439379771.415947,0.0003257122024894
19-12-2023,0.0982801031374342,2594596244.9783063,15733784.28796085,26400015487.875908,0.0005959763279376
20-12-2023,0.0963428650868178,2545564671.874944,10434301.902527194,26421932434.550804,0.0003949106269336
21-12-2023,0.0970859812250741,2565081440.857613,12188492.810985262,26420719124.329533,0.0004613232801737
22-12-2023,0.098965862309727,2615869746.7340693,11676327.08779332,26432041167.36084,0.000441748974809
23-12-2023,0.1027307817350315,2716932915.0846334,14283578.468257217,26447116134.01604,0.0005400807557193
24-12-2023,0.1014062771995871,2680684096.11044,9764135.647794783,26435090313.337666,0.0003693626740843
25-12-2023,0.0977369589879851,2587394346.32239,13823525.040769031,26473039197.38753,0.0005221737080392
26-12-2023,0.1002966710895095,2652252605.9717493,10131620.587520538,26444074136.864937,0.000383133874723
27-12-2023,0.0971142543954538,2568504381.0617,15846089.621829804,26448273706.58305,0.0005991351192756
28-12-2023,0.1002784423241735,2649905896.611192,14419324.694253314,26425479247.52113,0.0005456599125106
29-12-2023,0.0997304972580629,2640454648.229727,15201666.306913914,26475899758.09786,0.0005741699600696
30-12-2023,0.0991351581933483,2620304219.4591327,12675365.845947716,26431634015.7406,0.000479552866024
31-12-2023,0.0987695218617465,2613682293.5286536,7824943.282831913,26462437442.87005,0.0002957000200652
01-01-2024,0.0988710223927718,2619312338.3223715,9053144.052985348,26492214553.18804,0.0003417284740318
02-01-2024,0.100537891211232,2655252270.018624,9404413.352496903,26410463140.1099,0.0003560866503024
03-01-2024,0.1036021485397525,2734885028.888937,19238172.971775025,26397956677.892178,0.0007287750793184
04-01-2024,0.0958726985428735,2540811591.033634,43242253.75775682,26501930472.91145,0.0016316642971332
05-01-2024,0.097670143566036,2582801760.5847306,17365778.441106457,26444127819.24976,0.0006566969634924
06-01-2024,0.0922662089691288,2439617092.198527,18954622.49419899,26441067856.32424,0.0007168629722972
07-01-2024,0.0888254890293658,2352193829.9456887,14768202.599502085,26481068166.90928,0.0005576890821177
08-01-2024,0.0868178750691171,2294116215.1547275,12355939.596735029,26424468616.9564,0.0004675946288965
09-01-2024,0.0919686000537238,2436620218.996147,21001587.925636217,26494044897.636635,0.0007926908860756
10-01-2024,0.0885714912468211,2340637101.318741,15033093.454464016,26426529218.03149,0.0005688637100405
11-01-2024,0.0926652867071823,2457212378.7342005,15625036.66350508,26517075229.032303,0.0005892443464654
12-01-2024,0.0928782471947475,2457641147.228628,15706254.38515223,26460890697.8556,0.0005935648412026
13-01-2024,0.0886754863954217,2342989930.4132705,13388386.351066556,26422070243.465134,0.0005067122382046
14-01-2024,0.0898215234684621,2378522240.316443,7858066.120971296,26480537720.467228,0.0002967487368996
15-01-2024,0.0875275973720367,2324462916.3708377,8684217.86514353,26556914460.82646,0.0003270040229241
16-01-2024,0.0876649504619453,2324326223.734513,9816304.02060918,26513745932.514767,0.0003702345208253
17-01-2024,0.0882849756776761,2339753537.146067,7066551.692696371,26502284439.52215,0.0002666393423111
18-01-2024,0.0857223972491877,2269778689.241125,9951687.697656045,26478245616.98936,0.0003758439226528
19-01-2024,0.0817519584459399,2163807536.5056424,15462464.039278602,26467959638.37981,0.0005841955424798
20-01-2024,0.0825597936154599,2184954222.386749,10317665.585386096,26465112456.114483,0.0003898591250082
21-01-2024,0.0841259393638853,2227187726.342624,5818956.76262049,26474447039.562424,0.0002197952143787
22-01-2024,0.0827748233876201,2195761302.763402,6394655.461695907,26526922231.909,0.0002410628495002
23-01-2024,0.0776898677047742,2057764736.4177887,9933113.360786447,26486912607.92729,0.000375019675106
24-01-2024,0.0768933444704365,2028781957.758024,14328540.851758271,26384363584.78382,0.0005430694132801
25-01-2024,0.0791772736649899,2098656697.7314024,8434039.411812302,26505796431.07076,0.0003181960381286
26-01-2024,0.0786242493334634,2081457232.6596165,6302790.524775395,26473476698.412457,0.0002380794406634
27-01-2024,0.0821019822712398,2173942166.6069627,8681304.223462263,26478558817.555992,0.0003278616590607
28-01-2024,0.0814990095795007,2154440146.319718,5211594.65373032,26435169671.82408,0.0001971462532084
29-01-2024,0.0805930907139112,2137452740.055628,6172900.025773548,26521538274.827324,0.0002327504521723
30-01-2024,0.0836880714562049,2219313956.1391096,7278759.612037527,26518880379.511505,0.0002744746198885
31-01-2024,0.0836572775292822,2212617496.116961,8704355.333460845,26448595525.2666,0.0003291046333687
01-02-2024,0.0815401878220866,2162477193.741528,7781819.29273534,26520385241.935654,0.0002934278375575
02-02-2024,0.0812494190404794,2150607860.284238,5364023.174243468,26469209080.901592,0.0002026514338924
03-02-2024,0.0817730215353667,2167783138.065584,6297169.329775162,26509759543.71481,0.0002375415484018
04-02-2024,0.0812195051282201,2150117902.791444,4912045.911087967,26472925430.86888,0.0001855497959194
05-02-2024,0.0804228003014201,2132232719.5008664,5266679.024804188,26512788805.032635,0.0001986467385054
06-02-2024,0.0818092002310534,2171775337.81298,6912440.441797135,26546834973.07444,0.0002603866128978
07-02-2024,0.0816753538775977,2165406974.2329507,5462666.343570887,26512367212.735,0.0002060421953173
08-02-2024,0.0840505173536802,2227560023.663692,6261059.180968494,26502633104.44877,0.0002362429105173
09-02-2024,0.0842799737288354,2238040670.3798,8922582.867062936,26554833507.43001,0.0003360059804015
10-02-2024,0.0882200605804053,2339980491.9085946,14897373.405777732,26524358252.688976,0.0005616487782232
11-02-2024,0.0872771149256244,2315807437.767272,7157492.957062482,26533959557.906456,0.0002697483932408
12-02-2024,0.0863399312009441,2289572468.7410874,6720903.517404073,26518117826.76114,0.0002534457219517
13-02-2024,0.088907513322916,2356113917.832828,10083259.09785002,26500729013.47849,0.0003804898760604
14-02-2024,0.0904127717561645,2395416731.3296943,38093689.67165624,26494229574.002304,0.0014378108095294
15-02-2024,0.0920152876395847,2442297495.0115323,12337838.88120121,26542301368.2007,0.0004648368169002
16-02-2024,0.0915884460764065,2429733130.008156,12995531.117672702,26528817051.67461,0.0004898647041954
17-02-2024,0.0906548813783935,2407059160.755678,8957611.825051587,26551897969.052666,0.0003373623925299
18-02-2024,0.0892799247073294,2370606448.984406,7387778.279729404,26552513980.6686,0.0002782327234667
19-02-2024,0.0906027104688908,2405510641.652481,7592273.97828927,26550095788.56288,0.0002859603234109
20-02-2024,0.0920150152371946,2442793142.0570984,12238077.684771664,26547766533.10451,0.0004609833248876
21-02-2024,0.0909303313631737,2416773486.896656,11228304.13694406,26578298469.452587,0.0004224613607168
22-02-2024,0.0902839496787998,2398973169.0077906,10230782.55299526,26571424683.37437,0.0003850295072584
23-02-2024,0.0930897675088358,2474092008.739209,13295346.075783964,26577486172.19799,0.0005002484429732
24-02-2024,0.0918123218330781,2440904678.74395,9972003.387673091,26585807111.8352,0.0003750874797866
25-02-2024,0.0943248229279081,2505215750.12306,9901406.240017213,26559453517.742428,0.0003728015801756
26-02-2024,0.0944655503840664,2508300153.41766,8844640.089063784,26552538393.30551,0.0003330996064501
27-02-2024,0.0980145095497929,2604611593.803688,14495092.20582753,26573734906.87624,0.0005454668776001
28-02-2024,0.1034620959327544,2746694302.054756,29399263.753549773,26547831621.736893,0.0011074073458217
29-02-2024,0.1043011295650308,2760044057.242761,37394138.43690366,26462264299.08314,0.0014131118189383
01-03-2024,0.1092062561824059,2908670544.489439,35668648.93419424,26634651220.26636,0.0013391821292953
02-03-2024,0.1265605431162331,3355514186.978624,41939180.41626299,26513114627.65233,0.0015818277484653
03-03-2024,0.1466205276901384,3901513072.961425,97053875.7721864,26609596448.91413,0.0036473261050205
04-03-2024,0.1420527219048879,3762018759.979764,63942133.95319534,26483257128.28397,0.0024144361716333
05-03-2024,0.1419685241067016,3771626863.714086,48117228.92987935,26566641355.511887,0.0018111897656154
06-03-2024,0.1533566383196372,4052200431.0528536,201153955.78361484,26423378051.669064,0.0076127267070195
07-03-2024,0.1580487771367066,4182415515.240405,54400273.76239106,26462814777.88824,0.0020557251456049
08-03-2024,0.1578420116333551,4194012026.689956,37892089.06107613,26570948908.279625,0.0014260721057375
09-03-2024,0.1627127750056944,4313057869.517879,47506312.059186414,26507186478.54746,0.0017922049968461
10-03-2024,0.1585442927021755,4215651481.462409,24772316.84968698,26589739747.879063,0.0009316494664699
11-03-2024,0.1651363225515853,4377287892.46225,61957705.95431229,26507117421.697884,0.0023373988566405
12-03-2024,0.169320423819813,4505673592.152646,43711249.70777097,26610337314.93304,0.0016426416993685
13-03-2024,0.1618358643315629,4290898997.9814057,49858340.37096692,26513894282.35994,0.0018804608572396
14-03-2024,0.1609112961690743,4278548140.871317,29180355.65762295,26589482794.145897,0.0010974397615604
15-03-2024,0.1526579002965868,4055607363.727677,49630250.98430871,26566639236.15065,0.001868141865561
16-03-2024,0.1431823508733399,3795416641.789741,56687622.56181065,26507573165.54464,0.0021385444155066
17-03-2024,0.132520406451948,3515847731.8210816,38790285.383366354,26530613857.54147,0.0014620952832698
18-03-2024,0.1438598791025103,3826690508.361379,32703318.02119379,26600123204.84846,0.0012294423514261
19-03-2024,0.1352479603024697,3595288277.02402,23630221.451220483,26582938988.38464,0.0008889243383339
20-03-2024,0.1214198870661608,3251083011.8053293,41350648.665908284,26775539743.615784,0.0015443441686648
21-03-2024,0.1399848791875897,3731239757.472784,39067019.48945846,26654591403.92339,0.0014656769221271
22-03-2024,0.1376053535838033,3657992329.261744,24894994.464574225,26583212309.643044,0.0009364930834767
23-03-2024,0.1328206616933958,3530339614.157181,18353216.26987316,26579747225.673687,0.0006904962682318
24-03-2024,0.1371402475580381,3653810677.356825,16567651.136798603,26642876488.97908,0.0006218416822842
25-03-2024,0.1440237407326791,3827381187.156084,24896404.66050481,26574654759.59304,0.0009368477177118
26-03-2024,0.1476255295200055,3915394846.6147695,21417482.57112642,26522477916.559643,0.0008075219305868
27-03-2024,0.1493334541695587,3965431046.081965,29665723.805337016,26554204268.1171,0.001117176154322
28-03-2024,0.148886101481858,3947473919.886847,25960928.655964788,26513380903.910973,0.0009791632666558
29-03-2024,0.1590545298397185,4227945927.6013217,28042965.444515705,26581738551.312443,0.0010549710806305
30-03-2024,0.1555865025418958,4142898594.477332,22984005.833368458,26627622105.98406,0.0008631640385268
31-03-2024,0.1517581178257854,4032578501.5612535,14261603.582252707,26572407192.01957,0.0005367072497118
01-04-2024,0.1530792705415611,4070122038.983531,14906506.64207116,26588329200.840366,0.0005606409688052
02-04-2024,0.1530638500993494,4078509570.706725,31834951.180137545,26645805446.939163,0.0011947453134239
03-04-2024,0.141052199553423,3759451124.382838,26309378.22380916,26652906769.87251,0.0009871110288634
04-04-2024,0.143187805140307,3811996701.182553,67335952.18652245,26622355845.508263,0.0025293010347122
05-04-2024,0.1446193030417799,3840345028.789787,20799425.37210692,26554857809.543774,0.0007832625398066
06-04-2024,0.1413416700247199,3764695754.3639255,16691988.275139362,26635427144.06515,0.0006266837090637
07-04-2024,0.1458528570576416,3880026923.525537,9998680.209385576,26602337463.928688,0.00037585720514
08-04-2024,0.1462155202192312,3897251732.82996,10952348.340725323,26654159059.083027,0.0004109057920922
09-04-2024,0.150757199036911,4015398481.137492,16248554.35654344,26634870552.04821,0.0006100481819422
10-04-2024,0.1463461880891869,3908083627.498053,30316660.503983207,26704375963.085365,0.0011352693860321
11-04-2024,0.1455201280036311,3884510294.273188,21105008.84894,26693972494.14361,0.0007906282533845
12-04-2024,0.1493221877825295,3967146615.723592,20164066.77905929,26567696834.85538,0.0007589693191848
13-04-2024,0.1376321605634423,3670837815.956589,50981235.89143827,26671366640.82589,0.0019114594530525
14-04-2024,0.1264412148486549,3395205857.77691,46256732.94912962,26852050273.645622,0.0017226518078781
15-04-2024,0.1330327099397993,3559444956.0109506,27735973.685737755,26756163635.40733,0.0010366199752581
16-04-2024,0.1272192129171522,3388163104.3407464,26177220.684047945,26632479691.154736,0.0009829058723638
17-04-2024,0.1269745402987321,3379175064.47685,19316097.38157388,26613012786.08048,0.0007258140044811
18-04-2024,0.1212096319813808,3227748020.747524,16461592.682457663,26629468038.01319,0.0006181720438034
19-04-2024,0.1236663754942763,3297121205.8658385,17166855.39392652,26661420233.97815,0.0006438837557516
20-04-2024,0.1233650026711117,3298006216.910411,23389278.693251185,26733726304.07037,0.0008748978136164
21-04-2024,0.1306429863483698,3480551648.2568545,16539225.743953234,26641703053.0494,0.0006208021203081
22-04-2024,0.1290171117525116,3439461554.572481,11624191.083840242,26658956380.687416,0.0004360332384301
23-04-2024,0.1327549114683663,3544766157.5780506,12985904.026866153,26701582023.37184,0.0004863346304911
24-04-2024,0.1311443053932421,3498319377.144038,11495756.86183593,26675343368.163563,0.0004309506611845
25-04-2024,0.1247735281957469,3323895167.2599697,14052936.81085753,26639425968.98745,0.0005275240099849
26-04-2024,0.1278816691288482,3413636073.2004094,15578548.827366965,26693709086.334904,0.000583603753865
27-04-2024,0.1242628466322267,3318697737.2615104,21016170.16205631,26707079607.500538,0.000786913824758
28-04-2024,0.1271019765225459,3387031177.9609995,16790718.484281473,26648139317.960907,0.0006300897141048
29-04-2024,0.1314802487516707,3518746879.847408,13762608.623241143,26762551130.347595,0.0005142487558906
30-04-2024,0.1317469858873541,3509460987.3015566,19414166.16494697,26637884454.54232,0.0007288178683287
01-05-2024,0.134514867568693,3590109863.6533136,50805637.815538,26689316419.390915,0.0019035945700964
02-05-2024,0.1279390261930472,3422237556.427176,30117904.188370258,26748972993.301987,0.0011259461885101
03-05-2024,0.1283063887376319,3433017633.685312,17180566.940705657,26756404474.178905,0.0006421104508748
04-05-2024,0.1333869340016474,3562520866.454616,17465182.617034603,26708169680.327274,0.0006539266009643
05-05-2024,0.1327099385956733,3542281523.568362,10481834.479473688,26691908390.98051,0.0003926970798017
06-05-2024,0.1323382865509027,3531201591.985216,9132338.333344594,26683144266.24355,0.0003422512070624
07-05-2024,0.1295087207803721,3456962978.765868,14585827.96851947,26692897265.415592,0.0005464310533056
08-05-2024,0.125918809909247,3361320166.995852,10869212.411524728,26694345105.5362,0.0004071728438571
09-05-2024,0.1250151920588787,3337705237.944669,13684225.91179057,26698397074.59475,0.0005125485950919
10-05-2024,0.1274951753005035,3405105656.7328544,9030430.651624847,26707721674.228767,0.0003381205915568
11-05-2024,0.1230455446894822,3288271742.367593,9628495.889520291,26724021179.84748,0.0003602936782874
12-05-2024,0.1240511846304284,3315754132.0703726,7717229.12555599,26728919533.88935,0.0002887220755695
13-05-2024,0.1249293746579767,3339104456.559965,7720433.05078848,26727937010.022995,0.0002888525608202
14-05-2024,0.1236096391875982,3301914374.526025,10943594.147951078,26712434371.84392,0.0004096816484642
15-05-2024,0.1197333680275193,3205590641.11387,9179151.366045307,26772742585.65167,0.0003428543540759
16-05-2024,0.1255920493639479,3364726421.3792515,11365789.771400858,26790918998.612343,0.000424240384288
17-05-2024,0.1237453732886958,3307740125.218598,8978369.366226096,26730212510.66654,0.0003358884394444
18-05-2024,0.1261004283996454,3367513086.4281573,10027354.81491727,26705009088.118423,0.000375485916587
19-05-2024,0.1249758297584805,3343298494.047193,6016272.529353962,26751560685.839943,0.0002248942631798
20-05-2024,0.1218420919345115,3253096364.432405,7324811.46582504,26699281937.648445,0.0002743448862381
21-05-2024,0.1281650310780046,3423314986.223242,14666909.130789554,26710210713.714268,0.0005491124457231
22-05-2024,0.1249711006533147,3344599993.68227,13940151.41926181,26762987412.27065,0.0005208742658104
23-05-2024,0.1262865804889608,3366150544.4375405,23111047.00961123,26654855420.143307,0.0008670482974049
24-05-2024,0.1221629805986451,3271696165.732645,18830961.000447456,26781404233.099804,0.000703135684617
25-05-2024,0.1205962457605645,3227867145.1097755,10694871.710726492,26765900752.155087,0.000399570775135
26-05-2024,0.1208980071967414,3233754021.711096,7330301.447690005,26747785978.38008,0.0002740526432211
27-05-2024,0.119206094281615,3201323693.4942293,8841248.866366431,26855369373.409336,0.0003292171760303
28-05-2024,0.1216527828462052,3253558362.53371,11630124.36851951,26744627508.00279,0.0004348583417375
29-05-2024,0.117749966874485,3158604343.6176887,11124602.90558754,26824672884.91543,0.0004147153239599
30-05-2024,0.116517633855762,3119978552.796674,10330795.218748337,26776878739.7358,0.0003858102850283
31-05-2024,0.1163855972826739,3119383730.5396814,11355597.508863742,26802145655.217224,0.0004236824041978
01-06-2024,0.1134057569906796,3039698566.1118946,10097909.570431476,26803741245.35596,0.0003767350788084
02-06-2024,0.1116855566428906,2988199678.8341603,5676289.413476126,26755471062.28596,0.0002121543440689
03-06-2024,0.1097015237173673,2941033258.237988,9045484.841538971,26809411196.650307,0.0003373996084878
04-06-2024,0.1091830356646699,2923159112.3116703,10125766.909912148,26773015556.09305,0.0003782079343545
05-06-2024,0.1113673974474941,2981134536.5007443,12348355.684178907,26768467296.779976,0.0004613023057044
06-06-2024,0.1190305533754692,3182694111.382081,18307553.18184851,26738463538.37079,0.0006846897973616
07-06-2024,0.113784347094686,3051308713.8365726,12905507.21039669,26816594652.4913,0.0004812507843607
08-06-2024,0.1131738113639518,3034728352.825427,19433559.457911026,26814757904.248245,0.0007247337278712
09-06-2024,0.1108365388121593,2966258913.795964,9245786.978099529,26762464306.315468,0.0003454759200152
10-06-2024,0.1101231673786021,2953413085.1077127,7736053.59267357,26819180336.086,0.0002884522754136
11-06-2024,0.1072096627215278,2877717820.1341734,9210753.74440997,26841963187.6738,0.0003431475440156
12-06-2024,0.1008678438729717,2699766517.205996,18527356.477998074,26765383431.86909,0.0006922133779685
13-06-2024,0.1041401999468713,2787190226.197918,14540967.370096598,26763826338.146507,0.0005433067449466
14-06-2024,0.100161215541076,2684285114.2851973,9628414.397671308,26799645948.62942,0.000359273940265
15-06-2024,0.1005862608360879,2695896819.7724338,11232470.6734078,26801839509.33,0.0004190932741574
16-06-2024,0.0999232125028206,2679338223.041903,7414398.820085545,26813972008.41866,0.0002765125143622
17-06-2024,0.098747500693154,2647028292.868658,6955802.285444474,26806028246.669056,0.0002594864939123
18-06-2024,0.0944176828184035,2528043803.403216,15794640.587053211,26775109576.301304,0.000589900128776
19-06-2024,0.0929319250902186,2488639809.5010166,22354192.52040496,26779169882.5246,0.0008347604731016
20-06-2024,0.0936721673621813,2510333170.4193764,7898181.564155066,26799136190.723846,0.0002947177665707
21-06-2024,0.0938474685332117,2519377069.356195,10326069.10635091,26845445154.0652,0.0003846488313786
22-06-2024,0.0928975226837358,2495184194.258716,8643130.705012271,26859534271.472706,0.0003217900436267
23-06-2024,0.0933964104671251,2506360832.6411934,4315094.100321868,26835729768.473427,0.0001607965998148
24-06-2024,0.0914053582817933,2452720714.715249,4830929.605574557,26833445662.493458,0.0001800338900317
25-06-2024,0.0885163231376298,2372159615.1547227,14929362.10946887,26799120558.434887,0.0005570840310567
26-06-2024,0.0906258430704441,2433380818.9342246,9953751.33702894,26850848902.36816,0.0003707052753982
27-06-2024,0.0891766973479629,2389157497.317145,9523311.407858502,26791275841.88025,0.0003554631539036
28-06-2024,0.0915496419222538,2453557159.18056,9446640.93983895,26800292253.07272,0.0003524827584205
29-06-2024,0.0900650098975555,2412929664.800101,7954260.05920748,26790977623.215576,0.000296900701836
30-06-2024,0.0900111786936884,2412315392.9638543,4060828.9921321776,26800175577.89193,0.0001515224771692
01-07-2024,0.0916498026154863,2452633571.976074,5960816.85557537,26760925850.173576,0.0002227432970349
02-07-2024,0.0918330815041013,2460610929.892376,6531896.776375045,26794384872.977203,0.0002437785680597
03-07-2024,0.0903895559519267,2422445337.087357,7476687.471327931,26800057944.47893,0.0002789802726105
04-07-2024,0.0888707767608667,2376009658.724883,11026097.802152049,26735556336.11984,0.0004124132546011
05-07-2024,0.0848926082713907,2275706451.83215,14763744.708432434,26806885760.3834,0.000550744493053
06-07-2024,0.0840896430008602,2251055932.546281,25339808.06367603,26769716842.81325,0.0009465848373543
07-07-2024,0.0874823061146427,2339346110.1285787,7332415.883284013,26740791527.179684,0.0002742033973015
08-07-2024,0.0821325461327199,2194436511.384674,5691096.229033155,26718233084.34432,0.0002130042136793
09-07-2024,0.0838325668459964,2245846024.2835374,8601605.827540575,26789660734.225647,0.0003210793116372
10-07-2024,0.0857433248049081,2299279828.5641394,5133220.654181033,26815846408.98509,0.0001914248976478
11-07-2024,0.0846859416791833,2264570340.006125,7433167.885553737,26740806031.12404,0.0002779709735339
12-07-2024,0.0863599260031109,2307222830.5696287,6540243.708901082,26716359512.472446,0.0002448029532559
13-07-2024,0.0880163353880729,2354402617.3035707,7180823.001754432,26749609682.370567,0.0002684458983521
14-07-2024,0.0913450765907743,2447728442.8413568,6247893.915330734,26796501072.59939,0.0002331608107492
15-07-2024,0.0922767719370615,2475963244.083333,6094353.044513963,26831923051.79568,0.0002271306843251
16-07-2024,0.0952787788165975,2548033468.602941,9181651.528500706,26742927441.457447,0.0003433300841353
17-07-2024,0.0949777912910215,2544811674.791201,8599724.278523711,26793755047.36304,0.0003209600245774
18-07-2024,0.09283339297191,2488160551.597323,8055024.466736218,26802430374.92126,0.0003005333603729
19-07-2024,0.0933604477338139,2502025550.6686296,7343806.742114344,26799631015.07736,0.0002740264124525
20-07-2024,0.0945909904753136,2534453363.175859,8868858.806582978,26793813559.20255,0.000331003975488
21-07-2024,0.0940735697751655,2519670325.182235,5804432.070620138,26784040737.52288,0.0002167123373019
22-07-2024,0.0951628856224582,2555408713.657586,6584391.061869155,26852997331.28852,0.0002452013449611
23-07-2024,0.0928863874379176,2487583465.728686,9413657.786957065,26780925971.432674,0.000351506060582
24-07-2024,0.0919849891351759,2466346763.555569,7609604.592367805,26812491763.53289,0.0002838081838673
25-07-2024,0.0918106691681835,2462160925.044889,6900458.22392804,26817808293.441093,0.0002573088057168
26-07-2024,0.0892145287817929,2393100409.237673,10950959.613023411,26824110847.35854,0.0004082506098837
27-07-2024,0.0914152904745602,2451366906.985095,5957292.879767315,26815720808.405464,0.0002221567312074
28-07-2024,0.0907945923253368,2435522716.0264454,6040467.243636814,26824534960.18173,0.0002251844161549
29-07-2024,0.0901470283381363,2418329139.2737446,3333967.2400211887,26826498708.34045,0.0001242788809776
30-07-2024,0.0897551688358208,2408257435.3204503,6992528.9550074255,26831406665.00898,0.0002606098533077
31-07-2024,0.0890643518258581,2389674122.7307405,5740144.187073389,26830870867.4276,0.0002139380497724
01-08-2024,0.0862823934870481,2315603340.4641976,8730538.657323895,26837495424.970936,0.0003253112303915
02-08-2024,0.0873922567232944,2345896751.9903693,9636136.524133015,26843302140.80705,0.0003589773148469
03-08-2024,0.0831451805709498,2231243447.0860586,9451824.65645324,26835511472.39477,0.0003522133224915
04-08-2024,0.0822021737341736,2206223191.952262,7283576.645622859,26838988456.51907,0.0002713804455567
05-08-2024,0.0777367374765413,2083731370.4961617,9756470.182667676,26804975847.16582,0.0003639798162212
06-08-2024,0.075177301184422,2020894329.430552,32331419.21814704,26881708941.27966,0.0012027293089428
07-08-2024,0.0795508829481415,2136552400.6055496,9804951.79650975,26857683050.461525,0.0003650706495451
08-08-2024,0.0776221243162502,2084467121.9488487,7021383.040658664,26854033438.408047,0.0002614647463206
09-08-2024,0.0843174701536414,2266838410.392164,11517621.353069818,26884563854.460777,0.00042841019908
10-08-2024,0.0929772154885786,2498918893.4096546,46158026.423736215,26876680273.53028,0.0017174005849671
11-08-2024,0.0945122382540964,2539138494.405887,16736089.789799703,26865711164.08655,0.0006229535368552
12-08-2024,0.0880642264549433,2362809659.40962,12969799.126441397,26830527610.646896,0.000483397095825
13-08-2024,0.088735809690966,2378023501.286038,8871961.54382972,26798915900.669777,0.0003310567329183
14-08-2024,0.0886687540093223,2378850826.222045,5973454.849962257,26828513074.31185,0.0002226532209748
15-08-2024,0.0904062099260468,2420285117.0128565,11650388.63771963,26771226434.47472,0.0004351832242813
16-08-2024,0.0880538120326649,2364800496.20478,9175239.52795516,26856310267.720383,0.0003416418501458
17-08-2024,0.0880182853264962,2366452031.499351,6921526.621453082,26885913793.039707,0.0002574406313556
18-08-2024,0.0882145193247416,2370283169.7147613,3368285.38717467,26869535625.865658,0.0001253570375787
19-08-2024,0.0860744981872748,2314488785.159809,4323300.073561664,26889367163.362465,0.0001607810272103
20-08-2024,0.0862946854032354,2319709989.813151,6274395.943590688,26881261331.14308,0.0002334115154158
21-08-2024,0.0869531656059813,2337830155.542857,5778170.891067817,26886084471.4553,0.0002149130676578
22-08-2024,0.0867996487915586,2333673845.8576384,6545569.83412769,26885752170.054752,0.0002434586837194
23-08-2024,0.0868247940857706,2334966712.3048267,4545561.756442373,26892856319.33904,0.0001690248779254
24-08-2024,0.0910888929846304,2449741726.081242,8190670.002766597,26893967483.9894,0.0003045541721444
25-08-2024,0.0908608476721898,2442488207.4542823,6225358.601236357,26881635710.31557,0.0002315840698208
26-08-2024,0.0885070898246664,2384083997.718847,4631348.990709673,26936644312.243744,0.0001719348905165
27-08-2024,0.0852441896132257,2293399999.653032,6299025.681213737,26903886470.84056,0.0002341306966203
28-08-2024,0.0818904439837123,2203925234.408542,8508143.76259643,26913094217.0358,0.0003161339864522
29-08-2024,0.0814805880062762,2194183942.649686,7568716.148918229,26928916400.071564,0.0002810627816014
30-08-2024,0.0804292193801203,2164707859.519748,6414368.0417132005,26914445722.629967,0.0002383243596326
31-08-2024,0.0812930313798301,2189181322.4802327,5240655.823399037,26929507798.17269,0.0001946064466783
01-09-2024,0.0816147950411994,2192345042.8739305,3066311.1423675427,26862103148.911,0.0001141500769827
02-09-2024,0.078727689896497,2119006099.5320823,5101490.259235635,26915639241.008224,0.0001895362845948
03-09-2024,0.0807861998002937,2174061584.375651,4900513.797684575,26911299080.16476,0.0001820987453294
04-09-2024,0.0785748205593163,2117294029.4863293,4843230.663629549,26946215268.642925,0.0001797369543494
05-09-2024,0.0784963692928264,2113821558.149292,6862749.739220787,26928908651.35171,0.0002548469315289
06-09-2024,0.077639774279863,2089672045.119216,5068725.452685945,26914968062.46128,0.0001883236658844
07-09-2024,0.0748160567897993,2013234321.435412,7048845.034372285,26909120953.69752,0.0002619500297501
08-09-2024,0.0760353405670198,2048073108.7324104,4091956.080742756,26935805027.7578,0.0001519151210266
09-09-2024,0.078211917714114,2106761024.682385,4366266.928781183,26936572919.528355,0.0001620943741367
10-09-2024,0.0796635716035312,2145435170.6923933,5033701.970165214,26931194867.45799,0.0001869097154782
11-09-2024,0.0797590741558645,2149004896.10164,4404060.182317143,26943704134.55492,0.000163454147222
12-09-2024,0.0783899370186205,2112521278.4391928,5061255.216146843,26948883476.42621,0.0001878094586209
13-09-2024,0.0794438007286388,2141102287.7125263,4407440.994879954,26951156264.86733,0.0001635343935364
14-09-2024,0.0837436702409563,2260313557.803915,7221687.502077238,26990858548.47652,0.0002675604960511
15-09-2024,0.0823539123381042,2219293370.8757067,3640991.841934626,26948244568.6902,0.0001351105387459
16-09-2024,0.0805795810830945,2170164921.830477,3458759.241791376,26931945942.88817,0.0001284258942568
17-09-2024,0.0790888005717962,2132212007.9442425,4329245.188683683,26959721130.28361,0.0001605819721859
18-09-2024,0.0798399163764424,2152387953.71708,4753559.131575997,26958795191.72646,0.0001763268387095
19-09-2024,0.0806227818881114,2172674083.9638057,4757815.922813635,26948637011.546543,0.0001765512638273
20-09-2024,0.0827561971165778,2229865457.155362,7083134.643487832,26944996687.247147,0.0002628738361226
21-09-2024,0.0844849881406189,2274607936.474047,7298632.092069095,26923220166.500267,0.0002710906068045
22-09-2024,0.0880839335782055,2375495789.889238,7417137.047693325,26968547990.424927,0.000275029158052
23-09-2024,0.0857826768755431,2313965899.2415056,21490620.970184743,26974745758.9683,0.000796694106488
24-09-2024,0.0858282801531877,2313767877.9564137,11111391.72611812,26958106044.147243,0.0004121725653842
25-09-2024,0.0866286248441145,2336554167.967483,6669067.285575981,26972079635.01716,0.0002472581786729
26-09-2024,0.08468969395358,2285006922.637524,7318474.50145272,26980932578.2896,0.000271246165425
27-09-2024,0.0871582280846232,2352233364.0777426,5988872.248098271,26988081513.014744,0.0002219080391175
28-09-2024,0.0878721756472332,2370701747.969979,6683531.688859569,26978980894.785927,0.0002477310657109
29-09-2024,0.0862354119593899,2326927918.4532213,4796838.517784686,26983438306.63231,0.0001777697290936
30-09-2024,0.0861934520406257,2326844757.545019,4532324.573439841,26995609323.64448,0.0001678911751575
01-10-2024,0.0836269839660226,2255916729.8233447,6659955.313426278,26975942726.09323,0.0002468849886378
02-10-2024,0.0797045830043712,2151776679.02609,8866557.47332313,26996900277.46685,0.0003284287226383
03-10-2024,0.0792473303571537,2139643500.429852,6118767.878253903,26999565673.529408,0.00022662467805
04-10-2024,0.0790687515793482,2132960153.426386,6398834.208303887,26976019107.698765,0.000237204540179
05-10-2024,0.0810661799441632,2188629611.4778585,4569790.02195972,26998060263.66781,0.000169263642548
06-10-2024,0.0800716763122586,2163035173.91497,2887168.509365358,27013736611.17942,0.0001068777915073
07-10-2024,0.080625216467757,2178148072.111784,3754952.459117051,27015717507.96913,0.000138991402246
08-10-2024,0.0784071308773847,2117578599.8766744,6252696.230208402,27007474654.163822,0.0002315172488459
09-10-2024,0.076136757996073,2057051957.762136,10564538.911726143,27017855920.109352,0.0003910206251363
10-10-2024,0.0750579446693445,2027647487.5333223,6720437.616962857,27014428605.336742,0.0002487721548785
11-10-2024,0.0759111747873397,2050263200.7053864,5964861.122945714,27008713887.633343,0.0002208495061172
12-10-2024,0.0773866137696253,2090853578.7876968,6077902.9687086055,27018284906.638065,0.0002249551734949
13-10-2024,0.0771813541480123,2085835383.0486383,3751503.555646285,27025120329.562843,0.0001388154246825
14-10-2024,0.0758336183913455,2049700885.594848,4040826.448447123,27028921065.287945,0.0001495001017127
15-10-2024,0.0785751530099165,2124530843.6226745,6749031.755570901,27038201800.95036,0.0002496109691486
16-10-2024,0.0780501608695209,2109462473.4792304,7217958.178361072,27027009937.951176,0.0002670646214631
17-10-2024,0.0786596304574561,2129329508.419392,6533387.427462734,27070169234.66304,0.0002413500769362
18-10-2024,0.077500719738307,2094845776.000972,6239929.631952702,27030017051.125942,0.0002308518570354
19-10-2024,0.0780530029981222,2111218925.3532104,4384981.809305749,27048529130.95477,0.0001621153515622
20-10-2024,0.0778967136249295,2106039241.7839296,5101185.715348049,27036304149.16408,0.0001886791067005
21-10-2024,0.0792523469761769,2142765936.6313248,4913483.343894347,27037255278.704063,0.0001817301088163
22-10-2024,0.0775167790992202,2096431467.840319,5446092.853224306,27044873280.3632,0.000201372467039
23-10-2024,0.0771296965675055,2085925937.3024943,4181460.716574749,27044394443.80348,0.0001546146919748
24-10-2024,0.0757456333307357,2049418337.767614,5112851.179505647,27056587259.87588,0.0001889688130434
25-10-2024,0.075856850740346,2050623817.5658207,4774167.3310109945,27032809793.07984,0.0001766064041272
26-10-2024,0.0716478328615059,1938944415.957481,7162084.425872918,27062150221.702152,0.0002646531915312
27-10-2024,0.0727714977907758,1969537887.0338748,4454636.836175621,27064688055.431545,0.0001645922105975
28-10-2024,0.074266698428365,2010496032.2760384,3940822.879213512,27071299449.446907,0.0001455719880226
29-10-2024,0.0744049976281098,2014566130.8656416,5265009.226418204,27075683019.77271,0.0001944552690535
30-10-2024,0.0767753795690834,2079185028.0727315,7624791.732042961,27081403436.13481,0.0002815508343215
31-10-2024,0.0756921715643045,2049590664.6039608,5930769.673514569,27077974145.09006,0.0002190256051555
01-11-2024,0.0730077814099097,1976254676.7602472,5561654.833641881,27069096452.3954,0.0002054614140306
02-11-2024,0.0733212146067424,1985704595.0699563,5159762.135263244,27082265422.36462,0.0001905218066064
03-11-2024,0.0722437638590033,1955502653.5534136,3143222.76177444,27068117012.42377,0.0001161226974278
04-11-2024,0.0719013862337158,1948167658.1162188,5503789.564416611,27094994410.5902,0.0002031293854877
05-11-2024,0.0704870818804751,1907761902.1935525,4909426.096324146,27065411864.09934,0.0001813911467882
06-11-2024,0.0721543210898822,1954487720.91089,5237534.055903783,27087604614.506683,0.0001933553789802
07-11-2024,0.0857590637914756,2324316411.14126,54130882.5618832,27102865964.0323,0.0019972383228297
08-11-2024,0.0918434567412922,2487531618.7305894,37399387.70492213,27084472938.96562,0.0013808423663698
09-11-2024,0.108197602252381,2934559451.740504,194468338.4100909,27122222587.662983,0.0071700738308426
10-11-2024,0.1034200605503258,2813034678.2371726,31230289.778799266,27200087326.07834,0.0011481687321223
11-11-2024,0.1243653192500682,3369893716.682008,134296200.1710954,27096731926.57493,0.004956177022934
12-11-2024,0.2076988555022486,5682247609.878394,1046416960.0864862,27358107468.323902,0.0382488796528802
13-11-2024,0.176904283699664,4808041761.306128,716143435.6485015,27178775215.35256,0.0263493637948766
14-11-2024,0.1728634083287684,4689819614.140835,275440477.1516361,27130204474.62935,0.0101525396688112
15-11-2024,0.1490069542134158,4023348939.642181,97922785.28757694,27001081666.83095,0.0036266245365965
16-11-2024,0.1671909910866246,4535972139.269794,209332592.0245665,27130481790.84976,0.0077157712730028
17-11-2024,0.1648680187443059,4436565634.866073,82365682.14106505,26909801359.02979,0.0030608060253639
18-11-2024,0.1599417521527106,4340466668.800995,45639736.39199004,27137796168.80003,0.0016817775514307
19-11-2024,0.1722828648395405,4679107950.945722,177406733.0274954,27159450565.81055,0.0065320442546368
20-11-2024,0.1712477580605357,4646022058.678673,39888502.50676837,27130410998.059982,0.0014702505800454
21-11-2024,0.1781944165723799,4834724050.98953,185042966.00059912,27131737031.87123,0.0068201665740469
22-11-2024,0.1864974513314945,5058073497.997318,88352977.93345942,27121408158.048862,0.0032576840191551
23-11-2024,0.1915428865988685,5191827625.983835,166637294.96566263,27105301158.255096,0.006147775078858
24-11-2024,0.2040579879519023,5537474116.53399,149834639.4997449,27136767210.697018,0.0055214623885147
25-11-2024,0.1916184482267042,5202879800.099063,78675486.45659769,27152290649.71617,0.0028975635047358
26-11-2024,0.1770220677435436,4802500404.341549,65351941.62486174,27129388248.357,0.0024088984619407
27-11-2024,0.173331745620314,4704991058.756958,56513290.30778876,27144427824.913948,0.0020819481137089
28-11-2024,0.180643973654306,4903500628.109503,51350622.83045534,27144556936.580746,0.0018917465829495
29-11-2024,0.1785884877348251,4848632790.712704,38818440.77078007,27149749976.67338,0.0014297899908519
30-11-2024,0.1901453555707243,5148797418.111182,49543077.87569493,27078218148.7262,0.0018296284343224
