Date,OP_Price,AVPI,PR,LAR,Votable Supply,Circulating Supply
2023-12-04,1.719741023,0.9763780995573924,0.0908219341077703,0.0544451945599792,82765569.72,911294948.0
2023-12-05,1.79032647,0.4458397668879072,0.0905288157923596,0.184732857313688,82498452.48,911294948.0
2023-12-06,1.800778154,0.4662663710982374,0.0910181197997818,0.1124627004313269,82944352.75,911294948.0
2023-12-07,1.712826843,0.4683463644071787,0.0901216054804684,0.114736635371088,82127363.78,911294948.0
2023-12-08,2.17804963,0.38113902331651,0.090155752778298,0.2492917870620688,82158482.04,911294948.0
2023-12-09,2.119848479,0.3531331744322757,0.0900385321130958,0.2109689299440937,82051659.44,911294948.0
2023-12-10,2.033932266,0.3458448474757877,0.089982512489469,0.177387513106742,82000609.04,911294948.0
2023-12-11,2.169642979,0.3501392293148663,0.0897537063049755,0.1421882130775317,81792099.12,911294948.0
2023-12-12,2.288199608,0.318425865969671,0.089471475211119,0.2958726337022566,81534903.35,911294948.0
2023-12-13,2.338079738,0.3139209274369307,0.0896532825286769,0.1959834552237727,81700583.44,911294948.0
2023-12-14,2.236857993,0.3147554505497599,0.0896872042464126,0.1685826945619513,81731496.13,911294948.0
2023-12-15,2.258742575,0.320892051518317,0.0896604210078425,0.1334984203806383,81707088.7,911294948.0
2023-12-16,2.093693816,0.330506606937662,0.0895891114388137,0.1052521027502645,81642104.65,911294948.0
2023-12-17,2.180534896,0.3386069815154789,0.0895465122451222,0.10982987690556,81603284.22,911294948.0
2023-12-18,2.084722368,0.3478683950777427,0.088948778557258,0.0967250250698332,81058572.53,911294948.0
2023-12-19,2.231617724,0.3515665857090903,0.0888379245793865,0.1303705679505339,80957551.86,911294948.0
2023-12-20,2.109474119,0.3616033332520587,0.0886860142343288,0.0820002965254424,80819116.73,911294948.0
2023-12-21,2.242226632,0.3701971713801172,0.0885857872439341,0.0878551493921116,80727780.38,911294948.0
2023-12-22,2.518230752,0.3724686789387337,0.0843307368033384,0.1301210570581707,76850174.41,911294948.0
2023-12-23,3.509716392,0.354016658150487,0.0839507726536853,0.2991403596201105,76503915.0,911294948.0
2023-12-24,3.41863373,0.3432662729976884,0.0835860885514313,0.2550556204222774,76171580.22,911294948.0
2023-12-25,3.588720766,0.3367966823290466,0.0835138912566428,0.2255035566086199,76105787.19,911294948.0
2023-12-26,3.382066719,0.3411331327936452,0.0834672354180547,0.114488937297842,76063269.96,911294948.0
2023-12-27,3.480381226,0.3413367889256535,0.0825764488162179,0.1577507319644799,75251500.63,911294948.0
2023-12-28,3.960804643,0.3313133366259014,0.0823522419439551,0.2805169516733982,75047182.04,911294948.0
2023-12-29,3.594457545,0.3292113730009051,0.0822714735602813,0.191149379964503,74973578.22,911294948.0
2023-12-30,3.908365871,0.3276329311666883,0.0822207062976058,0.1874029138050313,74927314.27,911294948.0
2023-12-31,3.615758367,0.3321140547638533,0.0821964796736698,0.1032617124230615,74905236.67,911294948.0
2024-01-01,3.700179943,0.3359620030614811,0.0820582080852268,0.1093551208148106,74779230.47,911294948.0
2024-01-02,3.99380792,0.3387920640764518,0.0814718307645002,0.121711594068603,74244867.78,911294948.0
2024-01-03,3.71737979,0.3342074497266102,0.0809442054868058,0.1209290144024393,73764045.53,911294948.0
2024-01-04,3.464678433,0.3300388386931249,0.0809749474766099,0.2458130899139367,73792060.55,911294948.0
2024-01-05,3.712274167,0.3275259633928478,0.0809838794365839,0.1506585649843952,73800200.2,911294948.0
2024-01-06,3.417755667,0.3269850012080882,0.0809405058503627,0.1233543975231385,73760674.07,911294948.0
2024-01-07,3.234773639,0.3377204583002304,0.0810247994264092,0.0906554670850137,73837490.38,911294948.0
2024-01-08,3.174226995,0.346568420294968,0.0811136844138413,0.0875688847910701,73918490.82,911294948.0
2024-01-09,3.416112238,0.3509214064842262,0.0770914591227824,0.1127907576880331,73805710.74,957378568.0
2024-01-10,3.59473929,0.351508422819763,0.0771495608830048,0.1281671435739744,73861336.12,957378568.0
2024-01-11,3.950375015,0.3572696240194439,0.0769712796516247,0.2091570415594842,73690653.49,957378568.0
2024-01-12,3.979139222,0.3599866761269112,0.0767191498588048,0.1532060029958962,73449269.83,957378568.0
2024-01-13,3.930769871,0.3563466476927479,0.0766098067279901,0.2050192054766839,73344587.06,957378568.0
2024-01-14,3.817680149,0.3604646170046456,0.0765050802662212,0.0770397958012701,73244324.19,957378568.0
2024-01-15,3.469544839,0.3633020562424514,0.0759756967736925,0.0664933047439314,72737503.78,957378568.0
2024-01-16,3.451304258,0.3653800973969552,0.0759491892761902,0.0800011927795266,72712126.07,957378568.0
2024-01-17,3.604545329,0.3676535902529399,0.0758731003679622,0.0657156915777688,72639280.18,957378568.0
2024-01-18,3.449307555,0.3729917861574542,0.0929989577644274,0.0634738771318368,89035209.01,957378568.0
2024-01-19,3.211256296,0.3733997397685781,0.0929313887878885,0.0733588994343029,88970519.92,957378568.0
2024-01-20,3.197700323,0.3730500976551346,0.0928288820645502,0.0873900542281546,88872382.18,957378568.0
2024-01-21,3.179378433,0.3801221686580248,0.0927468013572662,0.0462564539130141,88793799.87,957378568.0
2024-01-22,3.117681699,0.4046537981962084,0.0927077812859499,0.0362232362071777,88756442.89,957378568.0
2024-01-23,2.970372738,0.4222694979122611,0.0927000835473058,0.0825354445767472,88749073.24,957378568.0
2024-01-24,2.815335671,0.4172542102678934,0.0927409768483557,0.1329938020667259,88788223.61,957378568.0
2024-01-25,2.861549357,0.4226123657326561,0.0927084775517974,0.0632849860509885,88757109.48,957378568.0
2024-01-26,2.933386389,0.4327661577831423,0.0929577758105819,0.0665045981892693,88995782.29,957378568.0
2024-01-27,3.06979297,0.4572553324990686,0.0929410309297836,0.0811232333939548,88979751.1,957378568.0
2024-01-28,3.068764187,0.4782699724920674,0.0926579060102795,0.0380984661127507,88708693.37,957378568.0
2024-01-29,3.028863016,0.497953863840454,0.0927446670709261,0.0538009372990671,88791756.55,957378568.0
2024-01-30,3.163397651,0.5048829940731543,0.0926688767279779,0.0570614066647972,88719196.5,957378568.0
2024-01-31,3.158656193,0.5077715024588778,0.0927258665038342,0.0876277448081607,88773757.29,957378568.0
2024-02-01,2.900273539,0.5140987776034457,0.0926119149138922,0.0792499532457669,88664662.48,957378568.0
2024-02-02,2.972406153,0.5255061073330842,0.0925400035485231,0.0513508850310552,88595816.08,957378568.0
2024-02-03,3.009538587,0.5641047738440736,0.0925730150875907,0.0381219210689523,88627420.62,957378568.0
2024-02-04,2.957697731,0.5900033923345321,0.0925071143748436,0.0261603427283965,88564328.69,957378568.0
2024-02-05,2.9978996,0.610022977995948,0.0925716206757617,0.0335329302781987,88626085.64,957378568.0
2024-02-06,3.091170264,0.619517824687877,0.0925874617343637,0.0484538751719079,88641251.53,957378568.0
2024-02-07,3.32234461,0.6101490965929298,0.0924713264627833,0.1205658550397051,88530066.11,957378568.0
2024-02-08,3.365872481,0.6150195657798737,0.0924472408912333,0.0933045026468798,88507007.1,957378568.0
2024-02-09,3.306629628,0.631380259774726,0.0923986368472789,0.0644929369398353,88460474.63,957378568.0
2024-02-10,3.464895395,0.6712540912041551,0.0923267549686781,0.0678849274402311,88391656.46,957378568.0
2024-02-11,3.362656387,0.7077607364928434,0.092417753527568,0.0379467501330575,88478776.53,957378568.0
2024-02-12,3.527182521,0.7611541475742769,0.0934691614487864,0.0556115539161422,89485371.94,957378568.0
2024-02-13,3.827303335,0.7612948128553143,0.0936278709656679,0.0768074796237194,89637317.03,957378568.0
2024-02-14,3.739161828,0.7615719177844956,0.0936034128142296,0.0661371464961239,89613901.32,957378568.0
2024-02-15,3.815791962,0.9342916220979772,0.0934914347591704,0.0567746935258167,89506695.93,957378568.0
2024-02-16,3.867377284,0.9309970291814504,0.0934622442268835,0.072589387958827,89478749.54,957378568.0
2024-02-17,3.650673861,0.9349570646192216,0.093437720991473,0.0551278072226351,89455271.52,957378568.0
2024-02-18,3.576965204,0.9511864715522425,0.0933669047937158,0.0400887369809904,89387473.61,957378568.0
2024-02-19,3.777753001,0.975339322493751,0.093309586725572,0.0399961300361415,89332598.52,957378568.0
2024-02-20,3.951157091,0.9626585352595044,0.0941352754723458,0.0709339291954827,90123095.23,957378568.0
2024-02-21,4.063307964,0.9116729652273992,0.0940337356914804,0.1420558713523327,90025883.22,957378568.0
2024-02-22,3.771731315,0.9055577008683916,0.0938637448587631,0.095824017335603,89863137.64,957378568.0
2024-02-23,3.644267334,0.931853775839839,0.0937451765057686,0.0759235505176535,89749622.84,957378568.0
2024-02-24,3.51942635,0.934133184567833,0.0938254134178612,0.0585015566907282,89826439.94,957378568.0
2024-02-25,3.6650979,0.9438664350777338,0.0936766018559964,0.0463130156532097,89683970.94,957378568.0
2024-02-26,3.864923819,0.9596074029844672,0.0935472773817096,0.0492688402816597,89560158.46,957378568.0
2024-02-27,3.829616076,0.9474172149890993,0.0935745064119714,0.0625839990025804,89586226.95,957378568.0
2024-02-28,3.703246522,0.9399229311833998,0.0934938709532507,0.0692042639253583,89509028.29,957378568.0
2024-02-29,3.774729854,0.9180928118807048,0.09336778113462,0.103121791476264,89388312.6,957378568.0
2024-03-01,3.699411377,0.9079230238587208,0.0889367951489134,0.1041197951456688,89483009.37,1006141600.0
2024-03-02,3.754071997,0.9190875335704743,0.0888627038579858,0.0522446538600801,89408463.04,1006141600.0
2024-03-03,3.980137615,0.9085092875884636,0.0887657819038592,0.0708738260506942,89310945.83,1006141600.0
2024-03-04,3.990007312,0.8665060315708165,0.088815548417837,0.1289218079023417,89361017.99,1006141600.0
2024-03-05,3.914492497,0.8417763134908117,0.0883854019652899,0.0837579327580845,88928229.75,1006141600.0
2024-03-06,4.502744022,0.5187167128348803,0.0883547375935951,0.2761159464692025,88897377.05,1006141600.0
2024-03-07,4.559656437,0.4937017934878128,0.0883528090380121,0.1629784417012096,88895436.65,1006141600.0
2024-03-08,4.68449709,0.4966521443253724,0.0882880461954858,0.1003001635498883,88830276.06,1006141600.0
2024-03-09,4.48922901,0.4963771710876671,0.0879726320529833,0.0902249726220938,88512924.77,1006141600.0
2024-03-10,4.693959002,0.4961052286553224,0.0878679475135507,0.0627969821525624,88407597.3,1006141600.0
2024-03-11,4.54339894,0.4936052384759506,0.0877575805632129,0.077027439673748,88296552.52,1006141600.0
2024-03-12,4.58718621,0.4772717892905048,0.0876809306463424,0.1188006315696368,88219431.85,1006141600.0
2024-03-13,4.357473832,0.463417386188749,0.0875750679427229,0.1279445632094211,88112918.98,1006141600.0
2024-03-14,4.41399442,0.461782659725643,0.0874065951949507,0.0821921766365273,87943411.54,1006141600.0
2024-03-15,4.196476084,0.4541396843367281,0.0875803614123499,0.1064787331156558,88118244.96,1006141600.0
2024-03-16,3.808343237,0.4411449590035566,0.087435798698712,0.13133163389281,87972794.4,1006141600.0
2024-03-17,3.527472622,0.4360685273984109,0.0874345318889508,0.1005700599621434,87971519.81,1006141600.0
2024-03-18,3.587859489,0.430401188167204,0.0872957136848332,0.0888841281418486,87831849.04,1006141600.0
2024-03-19,3.30524554,0.4211285094347178,0.0871991058614413,0.0993604158996014,87734647.89,1006141600.0
2024-03-20,3.436203857,0.4030309089759844,0.0872529867068412,0.1637247798745789,87788859.65,1006141600.0
2024-03-21,3.54196452,0.3869780951349391,0.0872643704723072,0.1903033906872419,87800313.33,1006141600.0
2024-03-22,3.427665796,0.3909636662315583,0.0872950958294538,0.1038828995592447,87831227.39,1006141600.0
2024-03-23,3.405531653,0.3863239190704034,0.0873998819649242,0.1284185686895485,87936657.08,1006141600.0
2024-03-24,3.453235686,0.3864940574632142,0.0873461486037353,0.0707621996435063,87882593.71,1006141600.0
2024-03-25,3.711107754,0.3816789878583423,0.0873950003259978,0.0947211913583112,87931745.46,1006141600.0
2024-03-26,3.861102214,0.3756573589432131,0.0880187949290636,0.0943605044555297,88559371.16,1006141600.0
2024-03-27,3.927881064,0.3709777451043477,0.0880064706796737,0.0869700726066602,88546971.22,1006141600.0
2024-03-28,3.669739154,0.3661451765429816,0.0880792929444523,0.1021881235144825,88620240.73,1006141600.0
2024-03-29,3.719177487,0.366232400348274,0.0879928494160265,0.064916205632097,88533266.3,1006141600.0
2024-03-30,3.617216618,0.3716205405489443,0.0879016439634341,0.0509063790656358,88441500.7,1006141600.0
2024-03-31,3.657127291,0.3778856461276247,0.0879521179424446,0.0510798639143114,88492284.67,1006141600.0
2024-04-01,3.686884382,0.3794261541895911,0.0873224042719235,0.0393803281682932,87858703.55,1006141600.0
2024-04-02,3.502049324,0.3797936491599373,0.0873171251640922,0.0676254405365984,87853392.02,1006141600.0
2024-04-03,3.161947314,0.3828086730027646,0.0872285906278002,0.1039443094938371,87764313.74,1006141600.0
2024-04-04,3.06239314,0.3833420520584278,0.0870986580020148,0.0792737566092312,87633583.12,1006141600.0
2024-04-05,3.101063032,0.4107704824788804,0.0869857919501589,0.06720567266716,87520023.89,1006141600.0
2024-04-06,2.875937769,0.4221820119645904,0.0870317230695957,0.0842025728086366,87566237.1,1006141600.0
2024-04-07,2.994132914,0.4283862912027442,0.086993802810658,0.0592865945256369,87528083.95,1006141600.0
2024-04-08,3.191026643,0.4332450191346843,0.0869950186733159,0.0589296638587927,87529307.28,1006141600.0
2024-04-09,3.362432461,0.4284583379436566,0.0868910120006965,0.0935306122412281,87424661.84,1006141600.0
2024-04-10,3.04243431,0.4263653452470962,0.0869193529519105,0.0907401319570842,87453176.85,1006141600.0
2024-04-11,3.034785289,0.4319364902440305,0.0869061874094064,0.0827680978860709,87439930.45,1006141600.0
2024-04-12,2.941884596,0.440806351248234,0.0868295362700438,0.072118134504014,87362808.55,1006141600.0
2024-04-13,2.457328475,0.4241456117124699,0.0868469643139693,0.1886229569063768,87380343.63,1006141600.0
2024-04-14,2.125318061,0.3974881568964983,0.0868491169036246,0.2950605790186892,87382509.44,1006141600.0
2024-04-15,2.326894074,0.3877455645848778,0.0869002383561121,0.2065794579926259,87433944.86,1006141600.0
2024-04-16,2.270392666,0.3795978086891037,0.0836758446582939,0.1608695178838393,87473043.36,1045379867.0
2024-04-17,2.241486723,0.5087706117343677,0.0835182251505901,0.1180785227883934,87308271.1,1045379867.0
2024-04-18,2.165361879,0.5081651722640365,0.0842125980794309,0.0992161923150134,88034154.58,1045379867.0
2024-04-19,2.222994496,0.5213360160457596,0.0842318744502853,0.0816318718362272,88054305.71,1045379867.0
2024-04-20,2.24034616,0.5338361844807379,0.0843802053057905,0.113292665752103,88209367.8,1045379867.0
2024-04-21,2.504240033,0.5374882593299302,0.0843045676428738,0.0801904802098903,88130297.71,1045379867.0
2024-04-22,2.440354588,0.5485727942815575,0.084247891785733,0.0646560205934247,88071049.91,1045379867.0
2024-04-23,2.55017882,0.5441261640395576,0.0843786452891387,0.0914178024883446,88207736.99,1045379867.0
2024-04-24,2.491558135,0.5470231268445801,0.0843540807257578,0.076053700871068,88182057.69,1045379867.0
2024-04-25,2.420774551,0.5447868832360473,0.0843311876313378,0.1026713052588609,88158125.71,1045379867.0
2024-04-26,2.418575725,0.5453188895020438,0.0843076119907711,0.0808514993645824,88133480.21,1045379867.0
2024-04-27,2.330972336,0.5489711398219521,0.0843655902165944,0.0792323825133328,88194089.48,1045379867.0
2024-04-28,2.630201337,0.537710000519173,0.084462422835239,0.1222746113003407,88295316.35,1045379867.0
2024-04-29,2.631013385,0.5215779296998748,0.0841758259344782,0.1386471083122221,87995713.72,1045379867.0
2024-04-30,2.494813445,0.5096330318887162,0.0859486876266768,0.1190301874810836,89849027.64,1045379867.0
2024-05-01,2.537149946,0.4942804471833441,0.0859861648550382,0.1324248034575902,89888205.58,1045379867.0
2024-05-02,2.82620653,0.4693736381652103,0.0860490490104301,0.2324767062021041,89953943.41,1045379867.0
2024-05-03,2.882920163,0.4624181521048879,0.0860303970059144,0.1499909532525878,89934444.98,1045379867.0
2024-05-04,2.860929667,0.4564755826992021,0.0860406076291882,0.1199777246724341,89945118.96,1045379867.0
2024-05-05,2.882105339,0.4509368074611755,0.0859451642089066,0.1066072032528213,89845344.33,1045379867.0
2024-05-06,2.89751667,0.4512864970903884,0.0861741475455448,0.0785326564439094,90084718.9,1045379867.0
2024-05-07,2.771407995,0.4469627421758128,0.0862651194716379,0.0904371803425415,90179819.12,1045379867.0
2024-05-08,2.679018118,0.4436755492704052,0.0861517979090752,0.0824874291736217,90061355.04,1045379867.0
2024-05-09,2.586532737,0.4456577630731159,0.0861403492573671,0.0743838740937385,90049386.85,1045379867.0
2024-05-10,2.659195246,0.4494384750040322,0.085797102451754,0.0579034219729968,89690563.55,1045379867.0
2024-05-11,2.51792342,0.4507222757167882,0.0856862723662919,0.0697727436477305,89574704.01,1045379867.0
2024-05-12,2.530531209,0.4532870298383398,0.085641737320736,0.0498014611198591,89528147.97,1045379867.0
2024-05-13,2.526775642,0.4727721579083024,0.0856390897472679,0.0398613864059974,89525380.25,1045379867.0
2024-05-14,2.492736229,0.5051611676457778,0.0856248352925281,0.0730266677943568,89510478.93,1045379867.0
2024-05-15,2.39523807,0.5273267364038444,0.0857921677957855,0.0695719945387261,89685404.96,1045379867.0
2024-05-16,2.481296434,0.5361804331208312,0.0858163726334706,0.1115026385649145,89710708.21,1045379867.0
2024-05-17,2.366777259,0.5415391395828701,0.0861705949804751,0.0894802436449659,90081005.12,1045379867.0
2024-05-18,2.570853758,0.539571272326811,0.0829592089811211,0.1057183793689975,90167531.58,1086889963.0
2024-05-19,2.548328439,0.5435971472346073,0.0829443468326517,0.0580492992992003,90151378.06,1086889963.0
2024-05-20,2.452372286,0.5547366036723738,0.0829110037701213,0.0537040570741235,90115137.82,1086889963.0
2024-05-21,2.895695081,0.5463196888069772,0.0830443963166858,0.1186978768845767,90260120.84,1086889963.0
2024-05-22,2.831254911,0.5252539100167752,0.084739255780578,0.1723959401164645,92102246.58,1086889963.0
2024-05-23,2.665326222,0.5140571799810877,0.0847621104032589,0.1501941235959818,92127087.04,1086889963.0
2024-05-24,2.615132052,0.4833381999281122,0.0847947998485657,0.2581660967291414,92162616.87,1086889963.0
2024-05-25,2.523969921,0.4790848861609669,0.0848371912879648,0.1258871582709851,92208691.7,1086889963.0
2024-05-26,2.551381588,0.4776004669619639,0.0848324350659221,0.0877000759764294,92203522.21,1086889963.0
2024-05-27,2.535915334,0.4756365573689139,0.0849146396708421,0.0890370678670524,92292869.57,1086889963.0
2024-05-28,2.590052197,0.4753772179351841,0.084194012627937,0.1190781699723473,91509627.27,1086889963.0
2024-05-29,2.547180772,0.5365631047719456,0.0841733737953379,0.1044604438705581,91487195.13,1086889963.0
2024-05-30,2.48750714,0.5418675471726552,0.0841910413703949,0.0839985528365377,91506397.84,1086889963.0
2024-05-31,2.477507062,0.5496641890853342,0.0842934813908112,0.0839575757819373,91617738.87,1086889963.0
2024-06-01,2.462690197,0.578777334068307,0.0842788167784377,0.0702253230710955,91601800.05,1086889963.0
2024-06-02,2.473002472,0.5994175762858693,0.0842069153324217,0.0446247616170101,91523651.09,1086889963.0
2024-06-03,2.383757048,0.6121335148918324,0.0842320165946734,0.0575061347606873,91550933.4,1086889963.0
2024-06-04,2.401529556,0.6199805561931773,0.0842197123132325,0.0678202218555185,91537560.0,1086889963.0
2024-06-05,2.47989814,0.622705284029774,0.084178627721857,0.0635415450765785,91492905.57,1086889963.0
2024-06-06,2.52640403,0.627273824044772,0.0842984015484923,0.0674762091776416,91623086.54,1086889963.0
2024-06-07,2.483457795,0.6322666044964457,0.08465880007395,0.0582564219917878,92014800.08,1086889963.0
2024-06-08,2.259592679,0.6162105793166073,0.0846985355223121,0.140560267623354,92057988.14,1086889963.0
2024-06-09,2.170780792,0.6069648001187482,0.0847161410579701,0.0971762820946356,92077123.42,1086889963.0
2024-06-10,2.230616823,0.5999877922805433,0.0846769600723601,0.0993164849498515,92034538.0,1086889963.0
2024-06-11,2.188061516,0.5878248123945486,0.0847713535468539,0.1057575743319009,92137133.32,1086889963.0
2024-06-12,2.057073459,0.5596606558371683,0.0846384141280362,0.1821221390056805,91992642.8,1086889963.0
2024-06-13,2.146502881,0.5475689349120669,0.0846256837041009,0.1363547397216706,91978806.23,1086889963.0
2024-06-14,2.011133043,0.5410388983880575,0.0845718682195614,0.1037933542531872,91920314.72,1086889963.0
2024-06-15,2.000586494,0.5389366082738877,0.0845009535799715,0.1195134039011753,91843238.31,1086889963.0
2024-06-16,2.098939653,0.5398641574783202,0.0844678824032898,0.0808329438114416,91807293.58,1086889963.0
2024-06-17,2.09503989,0.5463449674970704,0.0845462526090141,0.0687736923206232,91892473.37,1086889963.0
2024-06-18,1.936534086,0.5356189043235677,0.0843714413802163,0.1198737469982429,91702472.8,1086889963.0
2024-06-19,1.82817393,0.4655687895148995,0.0844969122601052,0.1666781738967084,91838845.84,1086889963.0
2024-06-20,1.905430482,0.4665266355699139,0.0818558881456292,0.1088516626163639,91820085.9,1121728540.0
2024-06-21,1.832776687,0.4752560492651366,0.0818680929434139,0.1092043473138271,91833776.37,1121728540.0
2024-06-22,1.811292025,0.4834466516520769,0.0817449459028652,0.0932989517654191,91695638.82,1121728540.0
2024-06-23,1.789773645,0.5161350539204763,0.0817829349603603,0.0587986622797472,91738252.23,1121728540.0
2024-06-24,1.705139564,0.5262932461896158,0.0801153540677497,0.0674646476244457,89867679.15,1121728540.0
2024-06-25,1.769602128,0.5197911599402746,0.0798323894567218,0.1197426994685846,89550269.67,1121728540.0
2024-06-26,1.761874036,0.5191563785910988,0.0798117103537367,0.0899277884900276,89527073.33,1121728540.0
2024-06-27,1.782286861,0.5255479915243338,0.0797639352565639,0.0812214657166228,89473482.64,1121728540.0
2024-06-28,1.79569138,0.5261572040265439,0.0797609248490726,0.0980508831826374,89470105.78,1121728540.0
2024-06-29,1.749764983,0.525802162059289,0.0797288344468796,0.0832296330514097,89434109.06,1121728540.0
2024-06-30,1.736292274,0.530357298918649,0.0798244628776227,0.0574527379784851,89541378.2,1121728540.0
2024-07-01,1.799708115,0.5307783913880192,0.0797406897394266,0.0659579412818031,89447407.48,1121728540.0
2024-07-02,1.751483975,0.5233370727555235,0.0796638716975142,0.0825527261977857,89361238.49,1121728540.0
2024-07-03,1.766634974,0.5205607356399898,0.0797654112108086,0.0707610594434976,89475138.26,1121728540.0
2024-07-04,1.636279956,0.5144438096328623,0.0796284868797222,0.0991627146022944,89321546.33,1121728540.0
2024-07-05,1.442459646,0.4912106723318818,0.0794712065095535,0.195613764674934,89145120.45,1121728540.0
2024-07-06,1.330445084,0.4617168012324227,0.0793826447707214,0.2557800883573478,89045778.22,1121728540.0
2024-07-07,1.485723196,0.4534157638348642,0.07938323668755,0.1145992421718273,89046442.19,1121728540.0
2024-07-08,1.379671858,0.4584996273579095,0.0793536490299159,0.1007236617047837,89013252.87,1121728540.0
2024-07-09,1.479781084,0.4485309047614227,0.079452965286949,0.1651984996814814,89124658.75,1121728540.0
2024-07-10,1.620700269,0.4446342725898172,0.0794307139853997,0.1244232392047561,89099698.83,1121728540.0
2024-07-11,1.677178321,0.441393843122244,0.0794099560843838,0.1266242829409798,89076414.1,1121728540.0
2024-07-12,1.660650218,0.4506375429118684,0.0824780921951045,0.1083592363917775,92518029.94,1121728540.0
2024-07-13,1.709146584,0.4508282200676586,0.0828575390976501,0.1308843154178889,92943666.36,1121728540.0
2024-07-14,1.688477628,0.4528744975696238,0.0827822385886695,0.0858954970154603,92859199.63,1121728540.0
2024-07-15,1.800231348,0.4554908420338056,0.0827275740706392,0.0970149568590642,92797880.88,1121728540.0
2024-07-16,1.853953911,0.4473624509617199,0.0828597796575631,0.1364467472647748,92946179.66,1121728540.0
2024-07-17,1.791484501,0.436236956760768,0.0829317852517151,0.1500190590557778,93026950.39,1121728540.0
2024-07-18,1.80654957,0.3322686599838402,0.0829656121257287,0.1290095476839212,93064894.96,1121728540.0
2024-07-19,1.824387956,0.3377108686169175,0.0829217870394917,0.1069594226472307,93015735.11,1121728540.0
2024-07-20,1.955103536,0.3364672000238792,0.0828682340470716,0.1207781277752071,92955663.19,1121728540.0
2024-07-21,1.929408625,0.3397097092311461,0.0828098665653991,0.0775285854220672,92890190.72,1121728540.0
2024-07-22,1.970351268,0.3386734087085339,0.0830757908504316,0.1034520302135596,93188485.58,1121728540.0
2024-07-23,1.875381384,0.3349565360851917,0.0830608266862854,0.0954859482236779,93171699.85,1121728540.0
2024-07-24,1.876668483,0.3275397992957381,0.0829469559631602,0.1431246625456985,93043967.81,1121728540.0
2024-07-25,1.736796895,0.3298803562435464,0.0830153453704583,0.0953645537092245,93120682.16,1121728540.0
2024-07-26,1.693770284,0.3239805154637969,0.0830554593270846,0.1515504292314718,93165679.13,1121728540.0
2024-07-27,1.736460379,0.3217617129165335,0.0830403939441533,0.1049699817042771,93148779.86,1121728540.0
2024-07-28,1.751741339,0.321314914736079,0.0830401310819817,0.1028201517936605,93148485.0,1121728540.0
2024-07-29,1.702772206,0.3207990100843135,0.0831115690610849,0.0888313255237852,93228619.02,1121728540.0
2024-07-30,1.674088107,0.3153045043313849,0.0832868863620069,0.1181899401671638,93425277.44,1121728540.0
2024-07-31,1.627403705,0.310899179047308,0.0834169450837009,0.1161826054226824,93571168.02,1121728540.0
2024-08-01,1.584204585,0.30826243508435,0.0788859673316003,0.1071293652691812,93684696.02,1187596466.0
2024-08-02,1.572085738,0.3052714008558642,0.078661393574743,0.100317081852491,93417993.02,1187596466.0
2024-08-03,1.460644893,0.3018046702179343,0.0786549027757042,0.1337582188872678,93410284.57,1187596466.0
2024-08-04,1.424648898,0.3067418728864264,0.0786043760339044,0.1288962150271874,93350279.19,1187596466.0
2024-08-05,1.328733062,0.3175854572932554,0.0786401177451802,0.123650379149179,93392725.92,1187596466.0
2024-08-06,1.173473555,0.2920315248831331,0.0787020849639342,0.4001178870888272,93466317.97,1187596466.0
2024-08-07,1.273264806,0.269189278559775,0.0787678268992087,0.1835138482131522,93544392.86,1187596466.0
2024-08-08,1.19769701,0.2709209319042432,0.0787857016408467,0.1321217901901192,93565620.84,1187596466.0
2024-08-09,1.419129767,0.2702834081559002,0.0789466739538108,0.1265675577061288,93756790.99,1187596466.0
2024-08-10,1.411258241,0.2711263244738466,0.0789501561130445,0.108348235515714,93760926.39,1187596466.0
2024-08-11,1.427156782,0.2729209505125713,0.0789855564457363,0.0780375409820516,93802967.7,1187596466.0
2024-08-12,1.310842596,0.2741662263154781,0.0789527121496166,0.1068913854447256,93763961.93,1187596466.0
2024-08-13,1.381474685,0.2689059864998522,0.0789216638339171,0.1523200255360187,93727089.06,1187596466.0
2024-08-14,1.366397943,0.2684876353034159,0.078813232423344,0.0976742738976793,93598316.3,1187596466.0
2024-08-15,1.327948679,0.2703180248898894,0.078844667562357,0.1039217231924006,93635648.56,1187596466.0
2024-08-16,1.251763562,0.2713278012392863,0.078810818935192,0.1279426427693113,93595450.05,1187596466.0
2024-08-17,1.281310224,0.2719439547123021,0.0788285561806311,0.1136133935565313,93616514.74,1187596466.0
2024-08-18,1.339755761,0.2722751520656431,0.0788170074514182,0.096548955096009,93602799.51,1187596466.0
2024-08-19,1.333959739,0.2736595787226741,0.0796932701633687,0.0954972023770064,94643446.01,1187596466.0
2024-08-20,1.37055308,0.2699018993608161,0.0796871473681195,0.1240440968706812,94636174.6,1187596466.0
2024-08-21,1.352539397,0.2701449435650178,0.0796836474924303,0.0942950603222829,94632018.16,1187596466.0
2024-08-22,1.443250495,0.2700041876075579,0.0775861155012901,0.0920801583308887,92140996.58,1187596466.0
2024-08-23,1.511882967,0.2736811622950376,0.0775652449609091,0.0854746693830352,92116210.8,1187596466.0
2024-08-24,1.612390937,0.2720541052680319,0.0775801331914707,0.1120476569563815,92133892.01,1187596466.0
2024-08-25,1.604250081,0.2762989432555507,0.0775680371551391,0.0870547515171183,92119526.8,1187596466.0
2024-08-26,1.547119562,0.2771681924031632,0.0776127405215771,0.0877004154335176,92172616.36,1187596466.0
2024-08-27,1.486645471,0.2779549297549205,0.0775797829462385,0.0870168705975185,92133476.06,1187596466.0
2024-08-28,1.374062937,0.3341710671523671,0.0776108723701776,0.1287527983371821,92170397.75,1187596466.0
2024-08-29,1.426705765,0.3326254404960087,0.0777265686474348,0.1282593114980241,92307798.24,1187596466.0
2024-08-30,1.424602373,0.3330561801143029,0.0816102079744652,0.104998728986419,96919994.58,1187596466.0
2024-08-31,1.470435986,0.3339551474730079,0.0816989741530605,0.097094635957421,97025412.98,1187596466.0
2024-09-01,1.418479188,0.3070536376681099,0.0816792046348174,0.0543541433414777,97001934.77,1187596466.0
2024-09-02,1.357262956,0.312396321335318,0.0814956449104152,0.0718551337479542,96783939.89,1187596466.0
2024-09-03,1.407069231,0.3168445677056503,0.0814639883662301,0.0792727262199525,96746344.69,1187596466.0
2024-09-04,1.348429972,0.3219631388391593,0.0814588133676713,0.0681808792291523,96740198.88,1187596466.0
2024-09-05,1.347486649,0.3533858052020434,0.0813244049852199,0.0947285138559731,96580575.96,1187596466.0
2024-09-06,1.357058523,0.3655559248603539,0.0812613889000912,0.0796518995789233,96505738.28,1187596466.0
2024-09-07,1.337616818,0.366164463414562,0.0812645821480576,0.1271511794768045,96509530.57,1187596466.0
2024-09-08,1.414388378,0.3713014072193755,0.0812616177236081,0.0848590570383937,96506010.03,1187596466.0
2024-09-09,1.417887837,0.3734623182377793,0.0812142416479706,0.0906899944145706,96449746.37,1187596466.0
2024-09-10,1.531059505,0.3740578126515795,0.0812002910422941,0.0732880255338113,96433178.68,1187596466.0
2024-09-11,1.614968072,0.3769154254932225,0.0811743425649432,0.0845339354747957,96402362.36,1187596466.0
2024-09-12,1.548528023,0.3857019104421186,0.0812999340552096,0.0857525337554322,96551514.37,1187596466.0
2024-09-13,1.537702257,0.3892492202326756,0.0812893874509054,0.0715889689118924,96538989.26,1187596466.0
2024-09-14,1.552297244,0.3942447011830028,0.0812497827187033,0.0679332470422287,96491954.82,1187596466.0
2024-09-15,1.567717194,0.4048536570081344,0.0812452709925797,0.0546407466257982,96486596.71,1187596466.0
2024-09-16,1.47595109,0.4134605932441114,0.0812574735465742,0.0569884266578485,96501088.42,1187596466.0
2024-09-17,1.452005508,0.4171115014193162,0.0812664704830807,0.0731904872135668,96511773.15,1187596466.0
2024-09-18,1.450521128,0.4608747468249076,0.0811986433445651,0.080554534507332,96431221.88,1187596466.0
2024-09-19,1.504376306,0.4687608246657453,0.0812678731396629,0.0799004648078363,96513438.94,1187596466.0
2024-09-20,1.609350198,0.4689412231029395,0.0812409766635327,0.0933691904415159,96481496.78,1187596466.0
2024-09-21,1.667528473,0.4679472782635502,0.0812448015401891,0.0976554790812401,96486039.19,1187596466.0
2024-09-22,1.765818796,0.4696204004860395,0.0812474976327523,0.0762541534824061,96489241.06,1187596466.0
2024-09-23,1.692553414,0.4763633766265751,0.0813409550007872,0.0753395275516949,96600230.7,1187596466.0
2024-09-24,1.6954854,0.4765230031233297,0.0813171194549512,0.085996654940109,96571923.69,1187596466.0
2024-09-25,1.733338063,0.4758743655587283,0.0813012936163452,0.0912901005702839,96553128.98,1187596466.0
2024-09-26,1.684137555,0.4772258996269153,0.0813170373142555,0.0798442798165364,96571826.14,1187596466.0
2024-09-27,1.74614737,0.4848107014091453,0.0812447110970099,0.0894729379027496,96485931.78,1187596466.0
2024-09-28,1.902782256,0.488281579153844,0.0768670667120322,0.1048280495515657,96473587.16,1255070491.0
2024-09-29,1.881272254,0.4973410811191115,0.0768270251602943,0.0566222211701535,96423332.19,1255070491.0
2024-09-30,1.899990612,0.4999038789220889,0.0765578575060291,0.080045978562655,96085507.81,1255070491.0
2024-10-01,1.749725088,0.4865724407000791,0.0765522775564962,0.1142801941011701,96078504.58,1255070491.0
2024-10-02,1.664965206,0.4696623363342496,0.0765079396564348,0.1527942182939322,96022857.39,1255070491.0
2024-10-03,1.584175386,0.460726578652223,0.0764817999692736,0.1224098015787195,95990050.24,1255070491.0
2024-10-04,1.517111645,0.4485935146834554,0.0765015127425221,0.132179019244871,96014791.16,1255070491.0
2024-10-05,1.607679006,0.4465473058934754,0.0762811706804761,0.1014156033916343,95738246.34,1255070491.0
2024-10-06,1.593625446,0.4461539452317525,0.0762641713165734,0.0776050562230782,95716910.94,1255070491.0
2024-10-07,1.679829988,0.4550632401566511,0.0763069668411158,0.0700233337753592,95770622.34,1255070491.0
2024-10-08,1.663115346,0.4506449037725463,0.0762364323487229,0.1047565689242191,95682096.58,1255070491.0
2024-10-09,1.634392235,0.4066287706631191,0.0789742841782741,0.0953319866485055,99118293.62,1255070491.0
2024-10-10,1.528713871,0.3997876789524137,0.0798897688368963,0.113005500042368,100267291.4,1255070491.0
2024-10-11,1.550651338,0.3972738667435404,0.079423123358256,0.0965020837797653,99681618.43,1255070491.0
2024-10-12,1.691515108,0.3930354806960145,0.0800738862244511,0.1093951736954333,100498371.7,1255070491.0
2024-10-13,1.714967103,0.3913460833705464,0.0799789584089584,0.0791663827844924,100379230.6,1255070491.0
2024-10-14,1.702023311,0.3891439355229211,0.0800088423081249,0.0793825765103578,100416737.0,1255070491.0
2024-10-15,1.776427146,0.382452691018869,0.0799046890347133,0.0983355501892752,100286017.3,1255070491.0
2024-10-16,1.728167035,0.3744045718425878,0.0798486898693246,0.1123000999630705,100215734.4,1255070491.0
2024-10-17,1.747600177,0.3696491849289851,0.0797749554451121,0.1050236588591576,100123192.5,1255070491.0
2024-10-18,1.670694757,0.3682139636364643,0.0797127382226055,0.0872001051842698,100045105.5,1255070491.0
2024-10-19,1.719667657,0.3677000569237267,0.0796881297243407,0.0794520906634876,100014220.1,1255070491.0
2024-10-20,1.693443488,0.3720866668053223,0.0796054531330702,0.054998232779503,99910455.15,1255070491.0
2024-10-21,1.804387191,0.3722644812330828,0.0793561887513137,0.0909917735666967,99597610.78,1255070491.0
2024-10-22,1.717927574,0.36981750891061,0.0821462429714635,0.0906181395348233,103099325.5,1255070491.0
2024-10-23,1.698908509,0.3677196993551633,0.0828947669840482,0.0873373007280039,104038775.9,1255070491.0
2024-10-24,1.722373961,0.3591932510887,0.0829188964653938,0.1485296667508947,104069060.1,1255070491.0
2024-10-25,1.708374925,0.3533866921349159,0.0828764001272339,0.1339935022437194,104015724.2,1255070491.0
2024-10-26,1.555158569,0.3394810513926216,0.0829635026452072,0.1963364488023538,104125044.0,1255070491.0
2024-10-27,1.561401336,0.3302307660397577,0.0830171695113179,0.1702456042504676,104192399.7,1255070491.0
2024-10-28,1.593403678,0.329581666679209,0.0830310368599049,0.111324514692315,104209804.2,1255070491.0
2024-10-29,1.616630608,0.3191615792675412,0.0828457230455273,0.1594786175507667,103977222.3,1255070491.0
2024-10-30,1.702204498,0.4767185312831549,0.0828804061173644,0.1692475658246036,104020752.0,1255070491.0
2024-10-31,1.720776911,0.4703607952317476,0.0831469814232131,0.1591083863149736,104355322.8,1255070491.0
2024-11-01,1.607186291,0.4701928062925676,0.0832584846423578,0.1540143801496881,104495267.2,1255070491.0
2024-11-02,1.52363493,0.462168562673634,0.083131684354134,0.1813146343848939,104336123.9,1255070491.0
2024-11-03,1.453196572,0.455109960557802,0.0832883023301039,0.1855673043782476,104532690.5,1255070491.0
2024-11-04,1.435110538,0.4424456752155323,0.0831422368291503,0.2014168585520731,104349368.0,1255070491.0
2024-11-05,1.342328181,0.4261895922613395,0.0841352088645354,0.215029611106307,105595617.9,1255070491.0
2024-11-06,1.414788971,0.4133913074896623,0.0841605690337276,0.1856761791856975,105627446.7,1255070491.0
2024-11-07,1.600804349,0.395448632617696,0.0841918989074534,0.2797048334937601,105666767.9,1255070491.0
2024-11-08,1.60091114,0.3802528557586845,0.0847020471458124,0.2563395089529513,106307039.9,1255070491.0
2024-11-09,1.579144025,0.3715473265115143,0.0847056779378936,0.2112175238067606,106311596.8,1255070491.0
2024-11-10,1.646541087,0.3582601124872691,0.0846122667702813,0.2546597311387512,106194359.2,1255070491.0
2024-11-11,1.64628086,0.3327033173562982,0.0844010102696295,0.4523643677766387,105929217.4,1255070491.0
2024-11-12,1.806095429,0.3111028483109956,0.0844265287566226,0.4117710252160155,105961244.9,1255070491.0
2024-11-13,1.679710029,0.2880539950669535,0.0844344124572362,0.4893489197331193,105971139.5,1255070491.0
2024-11-14,1.620978274,0.2710536835402484,0.0844697905497963,0.4442946725437532,106015541.5,1255070491.0
2024-11-15,1.508528458,0.2606235258846287,0.0843835548357259,0.3482845800187549,105907309.6,1255070491.0
2024-11-16,1.584889511,0.254291682876505,0.0838736065064571,0.25701556374233,105267288.5,1255070491.0
2024-11-17,1.77014251,0.2462250177111212,0.0838543471898105,0.2927231602926879,105243116.7,1255070491.0
2024-11-18,1.673385143,0.2376309260394218,0.0838216257607796,0.3134803767397851,105202049.0,1255070491.0
2024-11-19,1.827066495,0.2296871938244211,0.0837855205377464,0.286677372093047,105156734.4,1255070491.0
2024-11-20,1.761250935,0.2252823501129181,0.0837587084182349,0.2260756653723136,105123083.3,1255070491.0
2024-11-21,1.65529845,0.2199102756407615,0.0832512453676994,0.2628121614676241,104486181.4,1255070491.0
2024-11-22,2.09191255,0.2075727991951898,0.0833407932463293,0.5179578038765883,104598570.3,1255070491.0
2024-11-23,2.200621673,0.1992726672308128,0.0832554029827795,0.4688028213009622,104491399.5,1255070491.0
2024-11-24,2.206665164,0.1928032057928418,0.0833501214076429,0.4026837162179421,104610277.8,1255070491.0
2024-11-25,2.208298387,0.1902011046572681,0.0832434683543205,0.3080421886663878,104476420.7,1255070491.0
2024-11-26,2.306790429,0.1848534113647148,0.0831296329155746,0.4126507939265335,104333549.2,1255070491.0
2024-11-27,2.200223049,0.1807756192762571,0.0830556839217407,0.3055621598954932,104240738.0,1255070491.0
2024-11-28,2.484551491,0.1784645035341525,0.0826732820539241,0.2760389011881006,103760796.7,1255070491.0
2024-11-29,2.362091818,0.1763760100141671,0.082616987606316,0.2747232754193722,103690143.2,1255070491.0
2024-11-30,2.385789125,0.1764138510956713,0.0829479651912236,0.1575379409284343,104105543.4,1255070491.0
