Date,F,weights,Votable Supply,IVS
2023-12-04,0.902774,"w1=0.44, w2=0.28, w3=0.25, w4=0.03",82765569.72,129665986.54
2023-12-05,0.84182,"w1=0.44, w2=0.28, w3=0.25, w4=0.03",82498452.48,121945046.38
2023-12-06,0.811432,"w1=0.44, w2=0.28, w3=0.25, w4=0.03",82944352.75,119145932.14
2023-12-07,0.819576,"w1=0.44, w2=0.28, w3=0.25, w4=0.03",82127363.78,118877428.69
2023-12-08,0.854193,"w1=0.44, w2=0.28, w3=0.25, w4=0.03",82158482.04,122874629.92
2023-12-09,0.831943,"w1=0.44, w2=0.28, w3=0.25, w4=0.03",82051659.44,120158530.48
2023-12-10,0.81669,"w1=0.44, w2=0.28, w3=0.25, w4=0.03",82000609.04,118372676.15
2023-12-11,0.803384,"w1=0.44, w2=0.28, w3=0.25, w4=0.03",81792099.12,116608916.72
2023-12-12,0.862449,"w1=0.44, w2=0.28, w3=0.25, w4=0.03",81534903.35,122902548.29
2023-12-13,0.817268,"w1=0.44, w2=0.28, w3=0.25, w4=0.03",81700583.44,118003589.24
2023-12-14,0.806215,"w1=0.44, w2=0.28, w3=0.25, w4=0.03",81731496.13,116831489.92
2023-12-15,0.792825,"w1=0.44, w2=0.28, w3=0.25, w4=0.03",81707088.7,115345172.89
2023-12-16,0.784481,"w1=0.44, w2=0.28, w3=0.25, w4=0.03",81642104.65,114361790.32
2023-12-17,0.788114,"w1=0.44, w2=0.28, w3=0.25, w4=0.03",81603284.22,114694319.5
2023-12-18,0.789196,"w1=0.44, w2=0.28, w3=0.25, w4=0.03",81058572.53,114043517.77
2023-12-19,0.804495,"w1=0.44, w2=0.28, w3=0.25, w4=0.03",80957551.86,115539101.48
2023-12-20,0.787637,"w1=0.44, w2=0.28, w3=0.25, w4=0.03",80819116.73,113541753.53
2023-12-21,0.792086,"w1=0.44, w2=0.28, w3=0.25, w4=0.03",80727780.38,113884237.93
2023-12-22,0.839809,"w1=0.44, w2=0.28, w3=0.25, w4=0.03",76850174.41,113380256.97
2023-12-23,0.907564,"w1=0.44, w2=0.28, w3=0.25, w4=0.03",76503915.0,120410218.21
2023-12-24,0.888485,"w1=0.44, w2=0.28, w3=0.25, w4=0.03",76171580.22,117708828.67
2023-12-25,0.873051,"w1=0.44, w2=0.28, w3=0.25, w4=0.03",76105787.19,115883784.02
2023-12-26,0.826148,"w1=0.44, w2=0.28, w3=0.25, w4=0.03",76063269.96,110782426.75
2023-12-27,0.851717,"w1=0.44, w2=0.28, w3=0.25, w4=0.03",75251500.63,112280579.22
2023-12-28,0.903044,"w1=0.44, w2=0.28, w3=0.25, w4=0.03",75047182.04,117604408.22
2023-12-29,0.865308,"w1=0.44, w2=0.28, w3=0.25, w4=0.03",74973578.22,113320232.35
2023-12-30,0.86163,"w1=0.44, w2=0.28, w3=0.25, w4=0.03",74927314.27,112854557.68
2023-12-31,0.826871,"w1=0.44, w2=0.28, w3=0.25, w4=0.03",74905236.67,109170097.24
2024-01-01,0.831092,"w1=0.44, w2=0.28, w3=0.25, w4=0.03",74779230.47,109420763.33
2024-01-02,0.840026,"w1=0.44, w2=0.28, w3=0.25, w4=0.03",74244867.78,109559010.55
2024-01-03,0.844256,"w1=0.44, w2=0.28, w3=0.25, w4=0.03",73764045.53,109285876.95
2024-01-04,0.901505,"w1=0.44, w2=0.28, w3=0.25, w4=0.03",73792060.55,115466421.77
2024-01-05,0.855831,"w1=0.44, w2=0.28, w3=0.25, w4=0.03",73800200.2,110545931.53
2024-01-06,0.845424,"w1=0.44, w2=0.28, w3=0.25, w4=0.03",73760674.07,109401776.97
2024-01-07,0.833649,"w1=0.44, w2=0.28, w3=0.25, w4=0.03",73837490.38,108303639.58
2024-01-08,0.834123,"w1=0.44, w2=0.28, w3=0.25, w4=0.03",73918490.82,108470953.64
2024-01-09,0.877368,"w1=0.44, w2=0.28, w3=0.25, w4=0.03",73805710.74,112845789.34
2024-01-10,0.883202,"w1=0.44, w2=0.28, w3=0.25, w4=0.03",73861336.12,113562669.72
2024-01-11,0.92242,"w1=0.44, w2=0.28, w3=0.25, w4=0.03",73690653.49,117658176.28
2024-01-12,0.89848,"w1=0.44, w2=0.28, w3=0.25, w4=0.03",73449269.83,114596200.29
2024-01-13,0.923485,"w1=0.44, w2=0.28, w3=0.25, w4=0.03",73344587.06,117226382.24
2024-01-14,0.865038,"w1=0.44, w2=0.28, w3=0.25, w4=0.03",73244324.19,110678059.53
2024-01-15,0.867261,"w1=0.44, w2=0.28, w3=0.25, w4=0.03",72737503.78,110145187.04
2024-01-16,0.874655,"w1=0.44, w2=0.28, w3=0.25, w4=0.03",72712126.07,110886022.54
2024-01-17,0.867992,"w1=0.44, w2=0.28, w3=0.25, w4=0.03",72639280.18,110073095.31
2024-01-18,0.747128,"w1=0.44, w2=0.28, w3=0.25, w4=0.03",89035209.01,120485970.89
2024-01-19,0.753065,"w1=0.44, w2=0.28, w3=0.25, w4=0.03",88970519.92,121057552.12
2024-01-20,0.759559,"w1=0.44, w2=0.28, w3=0.25, w4=0.03",88872382.18,121649753.45
2024-01-21,0.744518,"w1=0.44, w2=0.28, w3=0.25, w4=0.03",88793799.87,119871629.82
2024-01-22,0.746226,"w1=0.44, w2=0.28, w3=0.25, w4=0.03",88756442.89,120009257.8
2024-01-23,0.770607,"w1=0.44, w2=0.28, w3=0.25, w4=0.03",88749073.24,122727395.2
2024-01-24,0.79154,"w1=0.44, w2=0.28, w3=0.25, w4=0.03",88788223.61,125191559.17
2024-01-25,0.763057,"w1=0.44, w2=0.28, w3=0.25, w4=0.03",88757109.48,121884799.8
2024-01-26,0.764707,"w1=0.44, w2=0.28, w3=0.25, w4=0.03",88995782.29,122398945.26
2024-01-27,0.775719,"w1=0.44, w2=0.28, w3=0.25, w4=0.03",88979751.1,123630437.12
2024-01-28,0.763646,"w1=0.44, w2=0.28, w3=0.25, w4=0.03",88708693.37,121884590.38
2024-01-29,0.774432,"w1=0.44, w2=0.28, w3=0.25, w4=0.03",88791756.55,123222156.02
2024-01-30,0.777091,"w1=0.44, w2=0.28, w3=0.25, w4=0.03",88719196.5,123425338.01
2024-01-31,0.790684,"w1=0.44, w2=0.28, w3=0.25, w4=0.03",88773757.29,125071395.44
2024-02-01,0.790689,"w1=0.44, w2=0.28, w3=0.25, w4=0.03",88664662.48,124918275.88
2024-02-02,0.781057,"w1=0.44, w2=0.28, w3=0.25, w4=0.03",88595816.08,123708170.12
2024-02-03,0.783262,"w1=0.44, w2=0.28, w3=0.25, w4=0.03",88627420.62,124006037.17
2024-02-04,0.784304,"w1=0.44, w2=0.28, w3=0.25, w4=0.03",88564328.69,124037822.44
2024-02-05,0.791305,"w1=0.44, w2=0.28, w3=0.25, w4=0.03",88626085.64,124935590.29
2024-02-06,0.799432,"w1=0.44, w2=0.28, w3=0.25, w4=0.03",88641251.53,125907757.79
2024-02-07,0.82909,"w1=0.44, w2=0.28, w3=0.25, w4=0.03",88530066.11,129297476.64
2024-02-08,0.817874,"w1=0.44, w2=0.28, w3=0.25, w4=0.03",88507007.1,127907157.0
2024-02-09,0.809247,"w1=0.44, w2=0.28, w3=0.25, w4=0.03",88460474.63,126809719.17
2024-02-10,0.819157,"w1=0.44, w2=0.28, w3=0.25, w4=0.03",88391656.46,127894488.48
2024-02-11,0.813476,"w1=0.44, w2=0.28, w3=0.25, w4=0.03",88478776.53,127339688.21
2024-02-12,0.825204,"w1=0.44, w2=0.28, w3=0.25, w4=0.03",89485371.94,130215302.81
2024-02-13,0.832119,"w1=0.44, w2=0.28, w3=0.25, w4=0.03",89637317.03,131288949.35
2024-02-14,0.827965,"w1=0.44, w2=0.28, w3=0.25, w4=0.03",89613901.32,130741769.27
2024-02-15,0.861538,"w1=0.44, w2=0.28, w3=0.25, w4=0.03",89506695.93,134802037.29
2024-02-16,0.868319,"w1=0.44, w2=0.28, w3=0.25, w4=0.03",89478749.54,135632853.59
2024-02-17,0.862307,"w1=0.44, w2=0.28, w3=0.25, w4=0.03",89455271.52,134823186.94
2024-02-18,0.859509,"w1=0.44, w2=0.28, w3=0.25, w4=0.03",89387473.61,134362980.17
2024-02-19,0.863824,"w1=0.44, w2=0.28, w3=0.25, w4=0.03",89332598.52,134832810.81
2024-02-20,0.869152,"w1=0.44, w2=0.28, w3=0.25, w4=0.03",90123095.23,136718072.82
2024-02-21,0.891923,"w1=0.44, w2=0.28, w3=0.25, w4=0.03",90025883.22,139577484.03
2024-02-22,0.871603,"w1=0.44, w2=0.28, w3=0.25, w4=0.03",89863137.64,136642727.3
2024-02-23,0.869522,"w1=0.44, w2=0.28, w3=0.25, w4=0.03",89749622.84,136199544.8
2024-02-24,0.861855,"w1=0.44, w2=0.28, w3=0.25, w4=0.03",89826439.94,135324390.96
2024-02-25,0.858214,"w1=0.44, w2=0.28, w3=0.25, w4=0.03",89683970.94,134642827.56
2024-02-26,0.862704,"w1=0.44, w2=0.28, w3=0.25, w4=0.03",89560158.46,135032266.12
2024-02-27,0.86653,"w1=0.44, w2=0.28, w3=0.25, w4=0.03",89586226.95,135564484.2
2024-02-28,0.869462,"w1=0.44, w2=0.28, w3=0.25, w4=0.03",89509028.29,135826660.44
2024-02-29,0.88142,"w1=0.44, w2=0.28, w3=0.25, w4=0.03",89388312.6,137201427.17
2024-03-01,0.913205,"w1=0.44, w2=0.28, w3=0.25, w4=0.03",89483009.37,141606404.0
2024-03-02,0.890104,"w1=0.44, w2=0.28, w3=0.25, w4=0.03",89408463.04,138378567.96
2024-03-03,0.896252,"w1=0.44, w2=0.28, w3=0.25, w4=0.03",89310945.83,139045718.33
2024-03-04,0.914802,"w1=0.44, w2=0.28, w3=0.25, w4=0.03",89361017.99,141631534.16
2024-03-05,0.890649,"w1=0.44, w2=0.28, w3=0.25, w4=0.03",88928229.75,137707263.86
2024-03-06,0.899138,"w1=0.44, w2=0.28, w3=0.25, w4=0.03",88897377.05,138786234.66
2024-03-07,0.842111,"w1=0.44, w2=0.28, w3=0.25, w4=0.03",88895436.65,131436916.81
2024-03-08,0.814626,"w1=0.44, w2=0.28, w3=0.25, w4=0.03",88830276.06,127983554.65
2024-03-09,0.813418,"w1=0.44, w2=0.28, w3=0.25, w4=0.03",88512924.77,127381905.6
2024-03-10,0.800628,"w1=0.44, w2=0.28, w3=0.25, w4=0.03",88407597.3,125716231.43
2024-03-11,0.808055,"w1=0.44, w2=0.28, w3=0.25, w4=0.03",88296552.52,126433517.67
2024-03-12,0.823172,"w1=0.44, w2=0.28, w3=0.25, w4=0.03",88219431.85,128127964.24
2024-03-13,0.826096,"w1=0.44, w2=0.28, w3=0.25, w4=0.03",88112918.98,128325868.12
2024-03-14,0.806214,"w1=0.44, w2=0.28, w3=0.25, w4=0.03",87943411.54,125711025.37
2024-03-15,0.815299,"w1=0.44, w2=0.28, w3=0.25, w4=0.03",88118244.96,127037879.17
2024-03-16,0.826602,"w1=0.44, w2=0.28, w3=0.25, w4=0.03",87972794.4,128182843.86
2024-03-17,0.81343,"w1=0.44, w2=0.28, w3=0.25, w4=0.03",87971519.81,126604176.46
2024-03-18,0.807521,"w1=0.44, w2=0.28, w3=0.25, w4=0.03",87831849.04,125705237.17
2024-03-19,0.812345,"w1=0.44, w2=0.28, w3=0.25, w4=0.03",87734647.89,126134888.18
2024-03-20,0.835314,"w1=0.44, w2=0.28, w3=0.25, w4=0.03",87788859.65,128969780.42
2024-03-21,0.842333,"w1=0.44, w2=0.28, w3=0.25, w4=0.03",87800313.33,129844978.67
2024-03-22,0.805831,"w1=0.44, w2=0.28, w3=0.25, w4=0.03",87831227.39,125505675.26
2024-03-23,0.814899,"w1=0.44, w2=0.28, w3=0.25, w4=0.03",87936657.08,126728515.01
2024-03-24,0.789749,"w1=0.44, w2=0.28, w3=0.25, w4=0.03",87882593.71,123708094.65
2024-03-25,0.797284,"w1=0.44, w2=0.28, w3=0.25, w4=0.03",87931745.46,124649751.46
2024-03-26,0.790604,"w1=0.44, w2=0.28, w3=0.25, w4=0.03",88559371.16,124760055.5
2024-03-27,0.786018,"w1=0.44, w2=0.28, w3=0.25, w4=0.03",88546971.22,124211303.79
2024-03-28,0.792472,"w1=0.44, w2=0.28, w3=0.25, w4=0.03",88620240.73,125063259.3
2024-03-29,0.776667,"w1=0.44, w2=0.28, w3=0.25, w4=0.03",88533266.3,123118252.2
2024-03-30,0.773009,"w1=0.44, w2=0.28, w3=0.25, w4=0.03",88441500.7,122574376.93
2024-03-31,0.77395,"w1=0.44, w2=0.28, w3=0.25, w4=0.03",88492284.67,122751722.58
2024-04-01,0.773215,"w1=0.44, w2=0.28, w3=0.25, w4=0.03",87858703.55,121789894.12
2024-04-02,0.78674,"w1=0.44, w2=0.28, w3=0.25, w4=0.03",87853392.02,123321158.76
2024-04-03,0.805963,"w1=0.44, w2=0.28, w3=0.25, w4=0.03",87764313.74,125425550.38
2024-04-04,0.79672,"w1=0.44, w2=0.28, w3=0.25, w4=0.03",87633583.12,124161719.39
2024-04-05,0.798328,"w1=0.44, w2=0.28, w3=0.25, w4=0.03",87520023.89,124187063.98
2024-04-06,0.809572,"w1=0.44, w2=0.28, w3=0.25, w4=0.03",87566237.1,125566033.37
2024-04-07,0.79946,"w1=0.44, w2=0.28, w3=0.25, w4=0.03",87528083.95,124329843.9
2024-04-08,0.799261,"w1=0.44, w2=0.28, w3=0.25, w4=0.03",87529307.28,124308478.45
2024-04-09,0.813298,"w1=0.44, w2=0.28, w3=0.25, w4=0.03",87424661.84,125801591.73
2024-04-10,0.813269,"w1=0.44, w2=0.28, w3=0.25, w4=0.03",87453176.85,125839201.61
2024-04-11,0.811154,"w1=0.44, w2=0.28, w3=0.25, w4=0.03",87439930.45,125570910.66
2024-04-12,0.809547,"w1=0.44, w2=0.28, w3=0.25, w4=0.03",87362808.55,125271392.28
2024-04-13,0.860667,"w1=0.44, w2=0.28, w3=0.25, w4=0.03",87380343.63,131490658.54
2024-04-14,0.903579,"w1=0.44, w2=0.28, w3=0.25, w4=0.03",87382509.44,137005298.23
2024-04-15,0.859981,"w1=0.44, w2=0.28, w3=0.25, w4=0.03",87433944.86,131485519.9
2024-04-16,0.862034,"w1=0.44, w2=0.28, w3=0.25, w4=0.03",87473043.36,131801419.12
2024-04-17,0.875921,"w1=0.44, w2=0.28, w3=0.25, w4=0.03",87308271.1,133306220.5
2024-04-18,0.861997,"w1=0.44, w2=0.28, w3=0.25, w4=0.03",88034154.58,132642213.36
2024-04-19,0.856384,"w1=0.44, w2=0.28, w3=0.25, w4=0.03",88054305.71,131966565.89
2024-04-20,0.873164,"w1=0.44, w2=0.28, w3=0.25, w4=0.03",88209367.8,134327994.87
2024-04-21,0.857268,"w1=0.44, w2=0.28, w3=0.25, w4=0.03",88130297.71,132191415.38
2024-04-22,0.853387,"w1=0.44, w2=0.28, w3=0.25, w4=0.03",88071049.91,131616629.26
2024-04-23,0.863335,"w1=0.44, w2=0.28, w3=0.25, w4=0.03",88207736.99,133073067.97
2024-04-24,0.857305,"w1=0.44, w2=0.28, w3=0.25, w4=0.03",88182057.69,132273702.64
2024-04-25,0.870023,"w1=0.44, w2=0.28, w3=0.25, w4=0.03",88158125.71,133848291.55
2024-04-26,0.859987,"w1=0.44, w2=0.28, w3=0.25, w4=0.03",88133480.21,132538256.1
2024-04-27,0.860213,"w1=0.44, w2=0.28, w3=0.25, w4=0.03",88194089.48,132657906.18
2024-04-28,0.875216,"w1=0.44, w2=0.28, w3=0.25, w4=0.03",88295316.35,134722544.53
2024-04-29,0.881174,"w1=0.44, w2=0.28, w3=0.25, w4=0.03",87995713.72,135032157.66
2024-04-30,0.856431,"w1=0.44, w2=0.28, w3=0.25, w4=0.03",89849027.64,134662318.47
2024-05-01,0.858338,"w1=0.44, w2=0.28, w3=0.25, w4=0.03",89888205.58,134965349.29
2024-05-02,0.895639,"w1=0.44, w2=0.28, w3=0.25, w4=0.03",89953943.41,139964345.63
2024-05-03,0.856072,"w1=0.44, w2=0.28, w3=0.25, w4=0.03",89934444.98,134744386.92
2024-05-04,0.841033,"w1=0.44, w2=0.28, w3=0.25, w4=0.03",89945118.96,132853419.13
2024-05-05,0.834189,"w1=0.44, w2=0.28, w3=0.25, w4=0.03",89845344.33,131850867.95
2024-05-06,0.819794,"w1=0.44, w2=0.28, w3=0.25, w4=0.03",90084718.9,130422225.42
2024-05-07,0.824276,"w1=0.44, w2=0.28, w3=0.25, w4=0.03",90179819.12,131111286.61
2024-05-08,0.821266,"w1=0.44, w2=0.28, w3=0.25, w4=0.03",90061355.04,130568910.9
2024-05-09,0.818701,"w1=0.44, w2=0.28, w3=0.25, w4=0.03",90049386.85,130237268.93
2024-05-10,0.814103,"w1=0.44, w2=0.28, w3=0.25, w4=0.03",89690563.55,129159641.6
2024-05-11,0.821458,"w1=0.44, w2=0.28, w3=0.25, w4=0.03",89574704.01,129886817.11
2024-05-12,0.813184,"w1=0.44, w2=0.28, w3=0.25, w4=0.03",89528147.97,128814676.14
2024-05-13,0.813216,"w1=0.44, w2=0.28, w3=0.25, w4=0.03",89525380.25,128814559.42
2024-05-14,0.836441,"w1=0.44, w2=0.28, w3=0.25, w4=0.03",89510478.93,131638990.79
2024-05-15,0.83946,"w1=0.44, w2=0.28, w3=0.25, w4=0.03",89685404.96,132272966.0
2024-05-16,0.860431,"w1=0.44, w2=0.28, w3=0.25, w4=0.03",89710708.21,134967116.66
2024-05-17,0.849518,"w1=0.44, w2=0.28, w3=0.25, w4=0.03",90081005.12,134127284.11
2024-05-18,0.879895,"w1=0.44, w2=0.28, w3=0.25, w4=0.03",90167531.58,138195729.74
2024-05-19,0.858275,"w1=0.44, w2=0.28, w3=0.25, w4=0.03",90151378.06,135352393.5
2024-05-20,0.859727,"w1=0.44, w2=0.28, w3=0.25, w4=0.03",90115137.82,135484847.1
2024-05-21,0.884999,"w1=0.44, w2=0.28, w3=0.25, w4=0.03",90260120.84,139014947.37
2024-05-22,0.892247,"w1=0.44, w2=0.28, w3=0.25, w4=0.03",92102246.58,142841108.99
2024-05-23,0.879951,"w1=0.44, w2=0.28, w3=0.25, w4=0.03",92127087.04,141206613.78
2024-05-24,0.922472,"w1=0.44, w2=0.28, w3=0.25, w4=0.03",92162616.87,147158839.19
2024-05-25,0.860318,"w1=0.44, w2=0.28, w3=0.25, w4=0.03",92208691.7,138710353.53
2024-05-26,0.842126,"w1=0.44, w2=0.28, w3=0.25, w4=0.03",92203522.21,136330042.15
2024-05-27,0.841761,"w1=0.44, w2=0.28, w3=0.25, w4=0.03",92292869.57,136415046.75
2024-05-28,0.860705,"w1=0.44, w2=0.28, w3=0.25, w4=0.03",91509627.27,137709414.91
2024-05-29,0.869267,"w1=0.44, w2=0.28, w3=0.25, w4=0.03",91487195.13,138802649.09
2024-05-30,0.861098,"w1=0.44, w2=0.28, w3=0.25, w4=0.03",91506397.84,137756033.92
2024-05-31,0.862244,"w1=0.44, w2=0.28, w3=0.25, w4=0.03",91617738.87,138074089.46
2024-06-01,0.862895,"w1=0.44, w2=0.28, w3=0.25, w4=0.03",91601800.05,138135608.25
2024-06-02,0.855978,"w1=0.44, w2=0.28, w3=0.25, w4=0.03",91523651.09,137113175.69
2024-06-03,0.865595,"w1=0.44, w2=0.28, w3=0.25, w4=0.03",91550933.4,138414214.21
2024-06-04,0.872448,"w1=0.44, w2=0.28, w3=0.25, w4=0.03",91537560.0,139301055.74
2024-06-05,0.870835,"w1=0.44, w2=0.28, w3=0.25, w4=0.03",91492905.57,139019015.74
2024-06-06,0.872615,"w1=0.44, w2=0.28, w3=0.25, w4=0.03",91623086.54,139453430.37
2024-06-07,0.866842,"w1=0.44, w2=0.28, w3=0.25, w4=0.03",92014800.08,139280863.11
2024-06-08,0.903927,"w1=0.44, w2=0.28, w3=0.25, w4=0.03",92057988.14,144384248.43
2024-06-09,0.881164,"w1=0.44, w2=0.28, w3=0.25, w4=0.03",92077123.42,141293856.11
2024-06-10,0.880415,"w1=0.44, w2=0.28, w3=0.25, w4=0.03",92034538.0,141127368.55
2024-06-11,0.880094,"w1=0.44, w2=0.28, w3=0.25, w4=0.03",92137133.32,141241324.93
2024-06-12,0.911498,"w1=0.44, w2=0.28, w3=0.25, w4=0.03",91992642.8,145338300.16
2024-06-13,0.886195,"w1=0.44, w2=0.28, w3=0.25, w4=0.03",91978806.23,141824362.15
2024-06-14,0.870427,"w1=0.44, w2=0.28, w3=0.25, w4=0.03",91920314.72,139614106.5
2024-06-15,0.877987,"w1=0.44, w2=0.28, w3=0.25, w4=0.03",91843238.31,140507491.5
2024-06-16,0.859477,"w1=0.44, w2=0.28, w3=0.25, w4=0.03",91807293.58,137996139.84
2024-06-17,0.854741,"w1=0.44, w2=0.28, w3=0.25, w4=0.03",91892473.37,137504110.86
2024-06-18,0.878761,"w1=0.44, w2=0.28, w3=0.25, w4=0.03",91702472.8,140395966.68
2024-06-19,0.88299,"w1=0.44, w2=0.28, w3=0.25, w4=0.03",91838845.84,141174653.71
2024-06-20,0.876227,"w1=0.44, w2=0.28, w3=0.25, w4=0.03",91820085.9,140236047.13
2024-06-21,0.878963,"w1=0.44, w2=0.28, w3=0.25, w4=0.03",91833776.37,140624143.89
2024-06-22,0.874514,"w1=0.44, w2=0.28, w3=0.25, w4=0.03",91695638.82,139817063.18
2024-06-23,0.865806,"w1=0.44, w2=0.28, w3=0.25, w4=0.03",91738252.23,138725292.26
2024-06-24,0.8864,"w1=0.44, w2=0.28, w3=0.25, w4=0.03",89867679.15,138596378.98
2024-06-25,0.91244,"w1=0.44, w2=0.28, w3=0.25, w4=0.03",89550269.67,141608261.22
2024-06-26,0.897796,"w1=0.44, w2=0.28, w3=0.25, w4=0.03",89527073.33,139589133.0
2024-06-27,0.895372,"w1=0.44, w2=0.28, w3=0.25, w4=0.03",89473482.64,139181074.46
2024-06-28,0.90378,"w1=0.44, w2=0.28, w3=0.25, w4=0.03",89470105.78,140305543.47
2024-06-29,0.896934,"w1=0.44, w2=0.28, w3=0.25, w4=0.03",89434109.06,139328727.85
2024-06-30,0.88463,"w1=0.44, w2=0.28, w3=0.25, w4=0.03",89541378.2,137859249.64
2024-07-01,0.889211,"w1=0.44, w2=0.28, w3=0.25, w4=0.03",89447407.48,138320353.16
2024-07-02,0.896502,"w1=0.44, w2=0.28, w3=0.25, w4=0.03",89361238.49,139157434.49
2024-07-03,0.889041,"w1=0.44, w2=0.28, w3=0.25, w4=0.03",89475138.26,138340686.75
2024-07-04,0.903514,"w1=0.44, w2=0.28, w3=0.25, w4=0.03",89321546.33,140036713.55
2024-07-05,0.947637,"w1=0.44, w2=0.28, w3=0.25, w4=0.03",89145120.45,145861217.49
2024-07-06,0.970643,"w1=0.44, w2=0.28, w3=0.25, w4=0.03",89045778.22,149010933.32
2024-07-07,0.898453,"w1=0.44, w2=0.28, w3=0.25, w4=0.03",89046442.19,138927440.89
2024-07-08,0.893948,"w1=0.44, w2=0.28, w3=0.25, w4=0.03",89013252.87,138275962.35
2024-07-09,0.921246,"w1=0.44, w2=0.28, w3=0.25, w4=0.03",89124658.75,142139353.26
2024-07-10,0.899659,"w1=0.44, w2=0.28, w3=0.25, w4=0.03",89099698.83,139171796.16
2024-07-11,0.899681,"w1=0.44, w2=0.28, w3=0.25, w4=0.03",89076414.1,139138369.22
2024-07-12,0.868707,"w1=0.44, w2=0.28, w3=0.25, w4=0.03",92518029.94,140291700.36
2024-07-13,0.876097,"w1=0.44, w2=0.28, w3=0.25, w4=0.03",92943666.36,141934455.85
2024-07-14,0.856131,"w1=0.44, w2=0.28, w3=0.25, w4=0.03",92859199.63,139134200.1
2024-07-15,0.861728,"w1=0.44, w2=0.28, w3=0.25, w4=0.03",92797880.88,139784006.1
2024-07-16,0.876879,"w1=0.44, w2=0.28, w3=0.25, w4=0.03",92946179.66,142044368.56
2024-07-17,0.880264,"w1=0.44, w2=0.28, w3=0.25, w4=0.03",93026950.39,142628552.72
2024-07-18,0.843923,"w1=0.44, w2=0.28, w3=0.25, w4=0.03",93064894.96,137837800.33
2024-07-19,0.835483,"w1=0.44, w2=0.28, w3=0.25, w4=0.03",93015735.11,136670335.86
2024-07-20,0.841045,"w1=0.44, w2=0.28, w3=0.25, w4=0.03",92955663.19,137301700.8
2024-07-21,0.822772,"w1=0.44, w2=0.28, w3=0.25, w4=0.03",92890190.72,134860925.82
2024-07-22,0.83208,"w1=0.44, w2=0.28, w3=0.25, w4=0.03",93188485.58,136485213.77
2024-07-23,0.828242,"w1=0.44, w2=0.28, w3=0.25, w4=0.03",93171699.85,135967875.22
2024-07-24,0.848832,"w1=0.44, w2=0.28, w3=0.25, w4=0.03",93043967.81,138448975.44
2024-07-25,0.828122,"w1=0.44, w2=0.28, w3=0.25, w4=0.03",93120682.16,135878063.36
2024-07-26,0.852073,"w1=0.44, w2=0.28, w3=0.25, w4=0.03",93165679.13,139056755.7
2024-07-27,0.83028,"w1=0.44, w2=0.28, w3=0.25, w4=0.03",93148779.86,136195726.51
2024-07-28,0.829104,"w1=0.44, w2=0.28, w3=0.25, w4=0.03",93148485.0,136044436.31
2024-07-29,0.822424,"w1=0.44, w2=0.28, w3=0.25, w4=0.03",93228619.02,135307977.46
2024-07-30,0.833198,"w1=0.44, w2=0.28, w3=0.25, w4=0.03",93425277.44,136976393.78
2024-07-31,0.83052,"w1=0.44, w2=0.28, w3=0.25, w4=0.03",93571168.02,136844267.79
2024-08-01,0.860787,"w1=0.44, w2=0.28, w3=0.25, w4=0.03",93684696.02,140993589.22
2024-08-02,0.858692,"w1=0.44, w2=0.28, w3=0.25, w4=0.03",93417993.02,140312453.95
2024-08-03,0.874244,"w1=0.44, w2=0.28, w3=0.25, w4=0.03",93410284.57,142394835.62
2024-08-04,0.873902,"w1=0.44, w2=0.28, w3=0.25, w4=0.03",93350279.19,142256910.13
2024-08-05,0.874607,"w1=0.44, w2=0.28, w3=0.25, w4=0.03",93392725.92,142417418.7
2024-08-06,0.997925,"w1=0.44, w2=0.28, w3=0.25, w4=0.03",93466317.97,160661784.23
2024-08-07,0.889082,"w1=0.44, w2=0.28, w3=0.25, w4=0.03",93544392.86,144637990.85
2024-08-08,0.866005,"w1=0.44, w2=0.28, w3=0.25, w4=0.03",93565620.84,141515432.62
2024-08-09,0.860548,"w1=0.44, w2=0.28, w3=0.25, w4=0.03",93756790.99,141070023.61
2024-08-10,0.852345,"w1=0.44, w2=0.28, w3=0.25, w4=0.03",93760926.39,139981322.64
2024-08-11,0.838375,"w1=0.44, w2=0.28, w3=0.25, w4=0.03",93802967.7,138203998.89
2024-08-12,0.853072,"w1=0.44, w2=0.28, w3=0.25, w4=0.03",93763961.93,140082447.63
2024-08-13,0.872565,"w1=0.44, w2=0.28, w3=0.25, w4=0.03",93727089.06,142648986.93
2024-08-14,0.848077,"w1=0.44, w2=0.28, w3=0.25, w4=0.03",93598316.3,139174233.76
2024-08-15,0.851444,"w1=0.44, w2=0.28, w3=0.25, w4=0.03",93635648.56,139674860.6
2024-08-16,0.863619,"w1=0.44, w2=0.28, w3=0.25, w4=0.03",93595450.05,141239319.48
2024-08-17,0.85679,"w1=0.44, w2=0.28, w3=0.25, w4=0.03",93616514.74,140356739.85
2024-08-18,0.848668,"w1=0.44, w2=0.28, w3=0.25, w4=0.03",93602799.51,139258868.31
2024-08-19,0.841725,"w1=0.44, w2=0.28, w3=0.25, w4=0.03",94643446.01,139884593.41
2024-08-20,0.853727,"w1=0.44, w2=0.28, w3=0.25, w4=0.03",94636174.6,141473436.41
2024-08-21,0.840232,"w1=0.44, w2=0.28, w3=0.25, w4=0.03",94632018.16,139670387.68
2024-08-22,0.855131,"w1=0.44, w2=0.28, w3=0.25, w4=0.03",92140996.58,137927052.04
2024-08-23,0.852715,"w1=0.44, w2=0.28, w3=0.25, w4=0.03",92116210.8,137574113.43
2024-08-24,0.864001,"w1=0.44, w2=0.28, w3=0.25, w4=0.03",92133892.01,139084332.3
2024-08-25,0.853526,"w1=0.44, w2=0.28, w3=0.25, w4=0.03",92119526.8,137684983.83
2024-08-26,0.854058,"w1=0.44, w2=0.28, w3=0.25, w4=0.03",92172616.36,137833911.32
2024-08-27,0.854588,"w1=0.44, w2=0.28, w3=0.25, w4=0.03",92133476.06,137844713.99
2024-08-28,0.889585,"w1=0.44, w2=0.28, w3=0.25, w4=0.03",92170397.75,142582270.52
2024-08-29,0.887627,"w1=0.44, w2=0.28, w3=0.25, w4=0.03",92307798.24,142527060.81
2024-08-30,0.845834,"w1=0.44, w2=0.28, w3=0.25, w4=0.03",96919994.58,143807480.44
2024-08-31,0.841454,"w1=0.44, w2=0.28, w3=0.25, w4=0.03",97025412.98,143368431.31
2024-09-01,0.81565,"w1=0.44, w2=0.28, w3=0.25, w4=0.03",97001934.77,139891344.14
2024-09-02,0.826718,"w1=0.44, w2=0.28, w3=0.25, w4=0.03",96783939.89,141036735.54
2024-09-03,0.831158,"w1=0.44, w2=0.28, w3=0.25, w4=0.03",96746344.69,141572968.41
2024-09-04,0.827729,"w1=0.44, w2=0.28, w3=0.25, w4=0.03",96740198.88,141107276.75
2024-09-05,0.848876,"w1=0.44, w2=0.28, w3=0.25, w4=0.03",96580575.96,143717424.3
2024-09-06,0.84532,"w1=0.44, w2=0.28, w3=0.25, w4=0.03",96505738.28,143123145.98
2024-09-07,0.867761,"w1=0.44, w2=0.28, w3=0.25, w4=0.03",96509530.57,146212413.9
2024-09-08,0.848826,"w1=0.44, w2=0.28, w3=0.25, w4=0.03",96506010.03,143599661.0
2024-09-09,0.852439,"w1=0.44, w2=0.28, w3=0.25, w4=0.03",96449746.37,144008465.65
2024-09-10,0.843838,"w1=0.44, w2=0.28, w3=0.25, w4=0.03",96433178.68,142815054.4
2024-09-11,0.849485,"w1=0.44, w2=0.28, w3=0.25, w4=0.03",96402362.36,143535061.13
2024-09-12,0.8517,"w1=0.44, w2=0.28, w3=0.25, w4=0.03",96551514.37,144059388.31
2024-09-13,0.846086,"w1=0.44, w2=0.28, w3=0.25, w4=0.03",96538989.26,143276340.1
2024-09-14,0.845817,"w1=0.44, w2=0.28, w3=0.25, w4=0.03",96491954.82,143170061.0
2024-09-15,0.842109,"w1=0.44, w2=0.28, w3=0.25, w4=0.03",96486596.71,142660605.23
2024-09-16,0.845816,"w1=0.44, w2=0.28, w3=0.25, w4=0.03",96501088.42,143183477.41
2024-09-17,0.854473,"w1=0.44, w2=0.28, w3=0.25, w4=0.03",96511773.15,144379502.99
2024-09-18,0.869419,"w1=0.44, w2=0.28, w3=0.25, w4=0.03",96431221.88,146324835.95
2024-09-19,0.870176,"w1=0.44, w2=0.28, w3=0.25, w4=0.03",96513438.94,146555336.32
2024-09-20,0.876227,"w1=0.44, w2=0.28, w3=0.25, w4=0.03",96481496.78,147355380.87
2024-09-21,0.877627,"w1=0.44, w2=0.28, w3=0.25, w4=0.03",96486039.19,147559561.69
2024-09-22,0.867114,"w1=0.44, w2=0.28, w3=0.25, w4=0.03",96489241.06,146091583.32
2024-09-23,0.868083,"w1=0.44, w2=0.28, w3=0.25, w4=0.03",96600230.7,146394740.64
2024-09-24,0.873416,"w1=0.44, w2=0.28, w3=0.25, w4=0.03",96571923.69,147098133.13
2024-09-25,0.87568,"w1=0.44, w2=0.28, w3=0.25, w4=0.03",96553128.98,147387757.78
2024-09-26,0.870707,"w1=0.44, w2=0.28, w3=0.25, w4=0.03",96571826.14,146718275.76
2024-09-27,0.877407,"w1=0.44, w2=0.28, w3=0.25, w4=0.03",96485931.78,147528379.43
2024-09-28,0.921277,"w1=0.44, w2=0.28, w3=0.25, w4=0.03",96473587.16,153864313.91
2024-09-29,0.899874,"w1=0.44, w2=0.28, w3=0.25, w4=0.03",96423332.19,150642292.8
2024-09-30,0.914536,"w1=0.44, w2=0.28, w3=0.25, w4=0.03",96085507.81,152250315.54
2024-10-01,0.929388,"w1=0.44, w2=0.28, w3=0.25, w4=0.03",96078504.58,154442470.3
2024-10-02,0.945215,"w1=0.44, w2=0.28, w3=0.25, w4=0.03",96022857.39,156744586.27
2024-10-03,0.928371,"w1=0.44, w2=0.28, w3=0.25, w4=0.03",95990050.24,154148257.72
2024-10-04,0.930305,"w1=0.44, w2=0.28, w3=0.25, w4=0.03",96014791.16,154477330.4
2024-10-05,0.915699,"w1=0.44, w2=0.28, w3=0.25, w4=0.03",95738246.34,151870531.83
2024-10-06,0.903934,"w1=0.44, w2=0.28, w3=0.25, w4=0.03",95716910.94,150123934.46
2024-10-07,0.90151,"w1=0.44, w2=0.28, w3=0.25, w4=0.03",95770622.34,149858185.05
2024-10-08,0.918466,"w1=0.44, w2=0.28, w3=0.25, w4=0.03",95682096.58,152187773.95
2024-10-09,0.879461,"w1=0.44, w2=0.28, w3=0.25, w4=0.03",99118293.62,151851133.07
2024-10-10,0.879435,"w1=0.44, w2=0.28, w3=0.25, w4=0.03",100267291.4,153607601.22
2024-10-11,0.874531,"w1=0.44, w2=0.28, w3=0.25, w4=0.03",99681618.43,151996513.03
2024-10-12,0.873445,"w1=0.44, w2=0.28, w3=0.25, w4=0.03",100498371.7,153083127.01
2024-10-13,0.859268,"w1=0.44, w2=0.28, w3=0.25, w4=0.03",100379230.6,150850699.59
2024-10-14,0.858663,"w1=0.44, w2=0.28, w3=0.25, w4=0.03",100416737.0,150820307.53
2024-10-15,0.866306,"w1=0.44, w2=0.28, w3=0.25, w4=0.03",100286017.3,151723340.75
2024-10-16,0.871619,"w1=0.44, w2=0.28, w3=0.25, w4=0.03",100215734.4,152386847.88
2024-10-17,0.867425,"w1=0.44, w2=0.28, w3=0.25, w4=0.03",100123192.5,151638571.59
2024-10-18,0.85962,"w1=0.44, w2=0.28, w3=0.25, w4=0.03",100045105.5,150398893.56
2024-10-19,0.855709,"w1=0.44, w2=0.28, w3=0.25, w4=0.03",100014220.1,149794773.39
2024-10-20,0.846046,"w1=0.44, w2=0.28, w3=0.25, w4=0.03",99910455.15,148274414.75
2024-10-21,0.864425,"w1=0.44, w2=0.28, w3=0.25, w4=0.03",99597610.78,150412180.91
2024-10-22,0.842465,"w1=0.44, w2=0.28, w3=0.25, w4=0.03",103099325.5,152489221.18
2024-10-23,0.834917,"w1=0.44, w2=0.28, w3=0.25, w4=0.03",104038775.9,152785112.67
2024-10-24,0.860521,"w1=0.44, w2=0.28, w3=0.25, w4=0.03",104069060.1,156582234.4
2024-10-25,0.85281,"w1=0.44, w2=0.28, w3=0.25, w4=0.03",104015724.2,155359852.92
2024-10-26,0.878014,"w1=0.44, w2=0.28, w3=0.25, w4=0.03",104125044.0,159301071.43
2024-10-27,0.863287,"w1=0.44, w2=0.28, w3=0.25, w4=0.03",104192399.7,157180870.74
2024-10-28,0.836059,"w1=0.44, w2=0.28, w3=0.25, w4=0.03",104209804.2,153201349.97
2024-10-29,0.856525,"w1=0.44, w2=0.28, w3=0.25, w4=0.03",103977222.3,155851035.93
2024-10-30,0.90068,"w1=0.44, w2=0.28, w3=0.25, w4=0.03",104020752.0,162637768.91
2024-10-31,0.891995,"w1=0.44, w2=0.28, w3=0.25, w4=0.03",104355322.8,161805240.33
2024-11-01,0.889412,"w1=0.44, w2=0.28, w3=0.25, w4=0.03",104495267.2,161621318.89
2024-11-02,0.901804,"w1=0.44, w2=0.28, w3=0.25, w4=0.03",104336123.9,163307337.33
2024-11-03,0.901193,"w1=0.44, w2=0.28, w3=0.25, w4=0.03",104532690.5,163518859.14
2024-11-04,0.906642,"w1=0.44, w2=0.28, w3=0.25, w4=0.03",104349368.0,164090595.81
2024-11-05,0.901388,"w1=0.44, w2=0.28, w3=0.25, w4=0.03",105595617.9,165212568.53
2024-11-06,0.883818,"w1=0.44, w2=0.28, w3=0.25, w4=0.03",105627446.7,162499224.68
2024-11-07,0.920824,"w1=0.44, w2=0.28, w3=0.25, w4=0.03",105666767.9,168452560.29
2024-11-08,0.902005,"w1=0.44, w2=0.28, w3=0.25, w4=0.03",106307039.9,166424405.08
2024-11-09,0.879377,"w1=0.44, w2=0.28, w3=0.25, w4=0.03",106311596.8,162858331.86
2024-11-10,0.895824,"w1=0.44, w2=0.28, w3=0.25, w4=0.03",106194359.2,165263075.36
2024-11-11,0.979432,"w1=0.44, w2=0.28, w3=0.25, w4=0.03",105929217.4,178799221.29
2024-11-12,0.953684,"w1=0.44, w2=0.28, w3=0.25, w4=0.03",105961244.9,174401264.64
2024-11-13,0.982245,"w1=0.44, w2=0.28, w3=0.25, w4=0.03",105971139.5,179365079.8
2024-11-14,0.957485,"w1=0.44, w2=0.28, w3=0.25, w4=0.03",106015541.5,175139280.28
2024-11-15,0.913771,"w1=0.44, w2=0.28, w3=0.25, w4=0.03",105907309.6,167689360.88
2024-11-16,0.875409,"w1=0.44, w2=0.28, w3=0.25, w4=0.03",105267288.5,160648284.53
2024-11-17,0.887876,"w1=0.44, w2=0.28, w3=0.25, w4=0.03",105243116.7,162538509.68
2024-11-18,0.895531,"w1=0.44, w2=0.28, w3=0.25, w4=0.03",105202049.0,163672743.04
2024-11-19,0.880912,"w1=0.44, w2=0.28, w3=0.25, w4=0.03",105156734.4,161325841.74
2024-11-20,0.853907,"w1=0.44, w2=0.28, w3=0.25, w4=0.03",105123083.3,157177367.69
2024-11-21,0.873119,"w1=0.44, w2=0.28, w3=0.25, w4=0.03",104486181.4,159108004.17
2024-11-22,0.977197,"w1=0.44, w2=0.28, w3=0.25, w4=0.03",104598570.3,176166145.71
2024-11-23,0.953336,"w1=0.44, w2=0.28, w3=0.25, w4=0.03",104491399.5,171923668.08
2024-11-24,0.921996,"w1=0.44, w2=0.28, w3=0.25, w4=0.03",104610277.8,166957487.54
2024-11-25,0.8812,"w1=0.44, w2=0.28, w3=0.25, w4=0.03",104476420.7,160326302.18
2024-11-26,0.925149,"w1=0.44, w2=0.28, w3=0.25, w4=0.03",104333549.2,167024764.41
2024-11-27,0.879071,"w1=0.44, w2=0.28, w3=0.25, w4=0.03",104240738.0,159639281.68
2024-11-28,0.866844,"w1=0.44, w2=0.28, w3=0.25, w4=0.03",103760796.7,157060829.83
2024-11-29,0.86693,"w1=0.44, w2=0.28, w3=0.25, w4=0.03",103690143.2,156966742.95
2024-11-30,0.813712,"w1=0.44, w2=0.28, w3=0.25, w4=0.03",104105543.4,149863080.86
2024-12-01,0.918854,"w1=0.44, w2=0.28, w3=0.25, w4=0.03",104721724.3,166628291.54
2024-12-02,1.01228,"w1=0.44, w2=0.28, w3=0.25, w4=0.03",104637478.4,182435111.56
2024-12-03,1.014847,"w1=0.44, w2=0.28, w3=0.25, w4=0.03",104624325.5,182876699.32
2024-12-04,0.987698,"w1=0.44, w2=0.28, w3=0.25, w4=0.03",104675042.2,178124203.6
2024-12-05,0.971897,"w1=0.44, w2=0.28, w3=0.25, w4=0.03",104781365.8,175558828.83
2024-12-06,0.971493,"w1=0.44, w2=0.28, w3=0.25, w4=0.03",104934580.4,175745919.91
2024-12-07,0.952759,"w1=0.44, w2=0.28, w3=0.25, w4=0.03",105126459.1,172871221.78
2024-12-08,0.929373,"w1=0.44, w2=0.28, w3=0.25, w4=0.03",105349467.8,169342721.73
2024-12-09,0.923204,"w1=0.44, w2=0.28, w3=0.25, w4=0.03",105596943.3,168729310.73
2024-12-10,0.886058,"w1=0.44, w2=0.28, w3=0.25, w4=0.03",105862981.6,163211290.12
2024-12-11,0.912033,"w1=0.44, w2=0.28, w3=0.25, w4=0.03",106142402.0,167779946.81
2024-12-12,0.952781,"w1=0.44, w2=0.28, w3=0.25, w4=0.03",106430686.2,175019664.54
2024-12-13,0.994518,"w1=0.44, w2=0.28, w3=0.25, w4=0.03",106723870.9,182835025.01
2024-12-14,0.995041,"w1=0.44, w2=0.28, w3=0.25, w4=0.03",107018492.1,183434337.59
2024-12-15,0.959989,"w1=0.44, w2=0.28, w3=0.25, w4=0.03",107311697.1,177714779.3
2024-12-16,0.941462,"w1=0.44, w2=0.28, w3=0.25, w4=0.03",107600969.5,175004074.12
2024-12-17,0.938513,"w1=0.44, w2=0.28, w3=0.25, w4=0.03",107884302.2,174962570.54
2024-12-18,0.933394,"w1=0.44, w2=0.28, w3=0.25, w4=0.03",108160044.8,174539938.86
2024-12-19,0.930172,"w1=0.44, w2=0.28, w3=0.25, w4=0.03",108426882.9,174424537.51
2024-12-20,0.909152,"w1=0.44, w2=0.28, w3=0.25, w4=0.03",108683848.6,171320536.71
2024-12-21,0.888699,"w1=0.44, w2=0.28, w3=0.25, w4=0.03",108930239.1,168365699.39
2024-12-22,0.888465,"w1=0.44, w2=0.28, w3=0.25, w4=0.03",109165585.6,168691614.85
2024-12-23,0.940781,"w1=0.44, w2=0.28, w3=0.25, w4=0.03",109389633.4,177795405.27
2024-12-24,0.968159,"w1=0.44, w2=0.28, w3=0.25, w4=0.03",109602280.6,182964773.96
2024-12-25,0.970177,"w1=0.44, w2=0.28, w3=0.25, w4=0.03",109803598.7,183663580.4
2024-12-26,0.959674,"w1=0.44, w2=0.28, w3=0.25, w4=0.03",109993750.5,182100358.05
2024-12-27,0.948766,"w1=0.44, w2=0.28, w3=0.25, w4=0.03",110173001.0,180465898.85
2024-12-28,0.942493,"w1=0.44, w2=0.28, w3=0.25, w4=0.03",110341655.8,179641633.55
2024-12-29,0.93276,"w1=0.44, w2=0.28, w3=0.25, w4=0.03",110500122.4,178206498.76
2024-12-30,0.912208,"w1=0.44, w2=0.28, w3=0.25, w4=0.03",110648818.6,174932802.08
2024-12-31,0.895744,"w1=0.44, w2=0.28, w3=0.25, w4=0.03",109009268.6,169630692.84
2025-01-01,0.916564,"w1=0.44, w2=0.28, w3=0.25, w4=0.03",108992020.1,173039642.15
2025-01-02,0.94876,"w1=0.44, w2=0.28, w3=0.25, w4=0.03",108844077.8,178288049.84
2025-01-03,1.009646,"w1=0.44, w2=0.28, w3=0.25, w4=0.03",108661129.0,188956891.59
2025-01-04,1.045721,"w1=0.44, w2=0.28, w3=0.25, w4=0.03",108481440.5,195533206.6
2025-01-05,1.034462,"w1=0.44, w2=0.28, w3=0.25, w4=0.03",108326998.1,193074800.17
2025-01-06,1.008057,"w1=0.44, w2=0.28, w3=0.25, w4=0.03",108208204.2,187873614.63
2025-01-07,0.996995,"w1=0.44, w2=0.28, w3=0.25, w4=0.03",108128003.0,185693661.12
2025-01-08,0.988226,"w1=0.44, w2=0.28, w3=0.25, w4=0.03",108085080.3,184022646.54
2025-01-09,0.9701,"w1=0.44, w2=0.28, w3=0.25, w4=0.03",108075747.9,180759842.11
2025-01-10,0.965505,"w1=0.44, w2=0.28, w3=0.25, w4=0.03",108095207.3,179980661.35
2025-01-11,0.944068,"w1=0.44, w2=0.28, w3=0.25, w4=0.03",108138405.1,176324643.76
2025-01-12,0.926369,"w1=0.44, w2=0.28, w3=0.25, w4=0.03",108200420.5,173419910.38
2025-01-13,0.976858,"w1=0.44, w2=0.28, w3=0.25, w4=0.03",108276770.5,182300337.81
2025-01-14,1.025422,"w1=0.44, w2=0.28, w3=0.25, w4=0.03",108363492.1,191410769.38
2025-01-15,1.02193,"w1=0.44, w2=0.28, w3=0.25, w4=0.03",108457223.2,190913017.06
2025-01-16,1.001922,"w1=0.44, w2=0.28, w3=0.25, w4=0.03",108555131.4,187336240.65
2025-01-17,0.990126,"w1=0.44, w2=0.28, w3=0.25, w4=0.03",108654914.3,185339266.47
2025-01-18,0.996275,"w1=0.44, w2=0.28, w3=0.25, w4=0.03",108754737.8,186637362.35
2025-01-19,0.993854,"w1=0.44, w2=0.28, w3=0.25, w4=0.03",108853135.1,186360747.8
2025-01-20,0.97928,"w1=0.44, w2=0.28, w3=0.25, w4=0.03",108949026.0,183868939.35
2025-01-21,0.963101,"w1=0.44, w2=0.28, w3=0.25, w4=0.03",109041585.5,181129858.65
2025-01-22,0.943578,"w1=0.44, w2=0.28, w3=0.25, w4=0.03",109130222.5,177857016.92
2025-01-23,0.927449,"w1=0.44, w2=0.28, w3=0.25, w4=0.03",109214570.2,175228591.78
2025-01-24,0.984301,"w1=0.44, w2=0.28, w3=0.25, w4=0.03",109294394.5,185364307.47
2025-01-25,1.037923,"w1=0.44, w2=0.28, w3=0.25, w4=0.03",109369593.3,195606373.95
2025-01-26,1.043749,"w1=0.44, w2=0.28, w3=0.25, w4=0.03",109440166.7,196873293.57
2025-01-27,1.026713,"w1=0.44, w2=0.28, w3=0.25, w4=0.03",109506175.7,193677515.42
2025-01-28,1.011842,"w1=0.44, w2=0.28, w3=0.25, w4=0.03",109567763.2,190948197.22
2025-01-29,1.008768,"w1=0.44, w2=0.28, w3=0.25, w4=0.03",109625081.7,190467583.61
2025-01-30,0.98027,"w1=0.44, w2=0.28, w3=0.25, w4=0.03",111651955.0,188613907.4
2025-01-31,0.962394,"w1=0.44, w2=0.28, w3=0.25, w4=0.03",111856197.0,185676799.6
2025-02-01,0.986845,"w1=0.44, w2=0.28, w3=0.25, w4=0.03",112142239.8,190670894.75
2025-02-02,0.954027,"w1=0.44, w2=0.28, w3=0.25, w4=0.03",112394997.8,185052480.47
2025-02-03,0.970128,"w1=0.44, w2=0.28, w3=0.25, w4=0.03",112679349.4,188464670.83
2025-02-04,1.037855,"w1=0.44, w2=0.28, w3=0.25, w4=0.03",112996730.9,202079775.04
2025-02-05,1.066893,"w1=0.44, w2=0.28, w3=0.25, w4=0.03",113344483.4,208675108.4
2025-02-06,1.056876,"w1=0.44, w2=0.28, w3=0.25, w4=0.03",113716626.3,207268471.12
2025-02-07,1.036483,"w1=0.44, w2=0.28, w3=0.25, w4=0.03",114106078.8,203784884.95
2025-02-08,1.029901,"w1=0.44, w2=0.28, w3=0.25, w4=0.03",114505801.1,203163099.07
2025-02-09,1.032158,"w1=0.44, w2=0.28, w3=0.25, w4=0.03",114909272.6,204337349.51
2025-02-10,1.021913,"w1=0.44, w2=0.28, w3=0.25, w4=0.03",115310849.1,202973761.44
2025-02-11,1.012707,"w1=0.44, w2=0.28, w3=0.25, w4=0.03",115705793.1,201818023.11
2025-02-12,0.994681,"w1=0.44, w2=0.28, w3=0.25, w4=0.03",116090263.7,198913119.38
2025-02-13,0.975818,"w1=0.44, w2=0.28, w3=0.25, w4=0.03",116461234.9,195880078.66
2025-02-14,0.976056,"w1=0.44, w2=0.28, w3=0.25, w4=0.03",116816475.7,196523466.32
2025-02-15,1.042408,"w1=0.44, w2=0.28, w3=0.25, w4=0.03",117154406.8,210468687.51
2025-02-16,1.067038,"w1=0.44, w2=0.28, w3=0.25, w4=0.03",117473999.1,216309312.31
2025-02-17,1.055593,"w1=0.44, w2=0.28, w3=0.25, w4=0.03",117774743.4,214389557.41
2025-02-18,1.037327,"w1=0.44, w2=0.28, w3=0.25, w4=0.03",118056466.4,211017374.82
2025-02-19,1.029431,"w1=0.44, w2=0.28, w3=0.25, w4=0.03",118319412.6,209831316.82
2025-02-20,1.026628,"w1=0.44, w2=0.28, w3=0.25, w4=0.03",118563948.8,209679781.44
2025-02-21,1.014912,"w1=0.44, w2=0.28, w3=0.25, w4=0.03",118790788.2,207652156.25
2025-02-22,1.00121,"w1=0.44, w2=0.28, w3=0.25, w4=0.03",119000623.5,205217897.8
2025-02-23,0.984342,"w1=0.44, w2=0.28, w3=0.25, w4=0.03",119194341.2,202162860.65
2025-02-24,0.956883,"w1=0.44, w2=0.28, w3=0.25, w4=0.03",119372858.1,197089863.88
2025-02-25,0.961122,"w1=0.44, w2=0.28, w3=0.25, w4=0.03",119537132.0,198180208.7
2025-02-26,1.031439,"w1=0.44, w2=0.28, w3=0.25, w4=0.03",119688079.8,212683017.09
2025-02-27,1.06104,"w1=0.44, w2=0.28, w3=0.25, w4=0.03",119826669.3,219318032.01
2025-02-28,1.050962,"w1=0.44, w2=0.28, w3=0.25, w4=0.03",119953787.0,217346875.63
2025-03-01,1.07921,"w1=0.44, w2=0.28, w3=0.25, w4=0.03",119642518.3,223014052.01
2025-03-02,1.074853,"w1=0.44, w2=0.28, w3=0.25, w4=0.03",119658106.2,222067594.23
2025-03-03,1.075412,"w1=0.44, w2=0.28, w3=0.25, w4=0.03",119669252.1,222213154.37
2025-03-04,1.060585,"w1=0.44, w2=0.28, w3=0.25, w4=0.03",119697880.8,218982432.66
2025-03-05,1.043036,"w1=0.44, w2=0.28, w3=0.25, w4=0.03",119755046.6,215275617.23
2025-03-06,1.025948,"w1=0.44, w2=0.28, w3=0.25, w4=0.03",119843388.1,211799272.46
2025-03-07,0.992673,"w1=0.44, w2=0.28, w3=0.25, w4=0.03",119961000.2,205138887.63
2025-03-08,1.000325,"w1=0.44, w2=0.28, w3=0.25, w4=0.03",120103695.6,206939207.92
2025-03-09,1.06563,"w1=0.44, w2=0.28, w3=0.25, w4=0.03",120266319.0,221138241.81
2025-03-10,1.09843,"w1=0.44, w2=0.28, w3=0.25, w4=0.03",120443613.3,228902661.21
2025-03-11,1.086534,"w1=0.44, w2=0.28, w3=0.25, w4=0.03",120630647.6,226521080.44
2025-03-12,1.057792,"w1=0.44, w2=0.28, w3=0.25, w4=0.03",120823040.8,220423247.6
2025-03-13,1.040415,"w1=0.44, w2=0.28, w3=0.25, w4=0.03",121017053.9,216976155.0
2025-03-14,1.039012,"w1=0.44, w2=0.28, w3=0.25, w4=0.03",121209579.5,217017523.41
2025-03-15,1.021776,"w1=0.44, w2=0.28, w3=0.25, w4=0.03",121398162.4,213659777.99
2025-03-16,1.000477,"w1=0.44, w2=0.28, w3=0.25, w4=0.03",121580917.6,209515914.45
2025-03-17,0.978834,"w1=0.44, w2=0.28, w3=0.25, w4=0.03",121756388.2,205393423.88
2025-03-18,0.955489,"w1=0.44, w2=0.28, w3=0.25, w4=0.03",121923596.3,201027456.19
2025-03-19,1.005626,"w1=0.44, w2=0.28, w3=0.25, w4=0.03",122081879.6,211452359.96
2025-03-20,1.07953,"w1=0.44, w2=0.28, w3=0.25, w4=0.03",122230891.6,227912187.88
2025-03-21,1.086882,"w1=0.44, w2=0.28, w3=0.25, w4=0.03",122370510.1,229868849.55
2025-03-22,1.062988,"w1=0.44, w2=0.28, w3=0.25, w4=0.03",122500765.7,224650691.68
2025-03-23,1.034538,"w1=0.44, w2=0.28, w3=0.25, w4=0.03",122621841.8,218569516.28
2025-03-24,1.035742,"w1=0.44, w2=0.28, w3=0.25, w4=0.03",122734054.2,219032043.38
2025-03-25,1.026509,"w1=0.44, w2=0.28, w3=0.25, w4=0.03",122837749.3,217212283.85
2025-03-26,1.008723,"w1=0.44, w2=0.28, w3=0.25, w4=0.03",122933365.2,213580487.11
2025-03-27,0.988474,"w1=0.44, w2=0.28, w3=0.25, w4=0.03",123021319.6,209503817.03
2025-03-28,0.959853,"w1=0.44, w2=0.28, w3=0.25, w4=0.03",123102111.7,203837583.91
2025-03-29,0.970411,"w1=0.44, w2=0.28, w3=0.25, w4=0.03",123176189.8,206078566.8
2025-03-30,1.035765,"w1=0.44, w2=0.28, w3=0.25, w4=0.03",123244012.4,219947157.75
2025-03-31,1.063126,"w1=0.44, w2=0.28, w3=0.25, w4=0.03",124857378.7,229004104.24
2025-04-01,1.097374,"w1=0.44, w2=0.28, w3=0.25, w4=0.03",125025024.9,237356107.07
2025-04-02,1.070814,"w1=0.44, w2=0.28, w3=0.25, w4=0.03",125209196.3,231428232.29
2025-04-03,1.060818,"w1=0.44, w2=0.28, w3=0.25, w4=0.03",125450696.4,229560573.55
2025-04-04,1.055579,"w1=0.44, w2=0.28, w3=0.25, w4=0.03",125743758.8,228892632.22
2025-04-05,1.039837,"w1=0.44, w2=0.28, w3=0.25, w4=0.03",126079193.8,225922000.97
2025-04-06,1.027966,"w1=0.44, w2=0.28, w3=0.25, w4=0.03",126446161.1,223917081.47
2025-04-07,1.009716,"w1=0.44, w2=0.28, w3=0.25, w4=0.03",126834075.3,220574122.81
2025-04-08,0.985347,"w1=0.44, w2=0.28, w3=0.25, w4=0.03",127233379.8,216011125.01
2025-04-09,0.994644,"w1=0.44, w2=0.28, w3=0.25, w4=0.03",127635995.5,218688001.19
2025-04-10,1.066802,"w1=0.44, w2=0.28, w3=0.25, w4=0.03",128035289.9,235700381.49
2025-04-11,1.075912,"w1=0.44, w2=0.28, w3=0.25, w4=0.03",128425985.4,238593429.58
2025-04-12,1.053174,"w1=0.44, w2=0.28, w3=0.25, w4=0.03",128803996.7,233899634.73
2025-04-13,1.023411,"w1=0.44, w2=0.28, w3=0.25, w4=0.03",129166216.3,227700868.56
2025-04-14,1.01768,"w1=0.44, w2=0.28, w3=0.25, w4=0.03",129510515.0,227012906.38
2025-04-15,1.015378,"w1=0.44, w2=0.28, w3=0.25, w4=0.03",129835384.8,227063507.54
2025-04-16,1.005766,"w1=0.44, w2=0.28, w3=0.25, w4=0.03",130139990.4,225440646.71
2025-04-17,0.991931,"w1=0.44, w2=0.28, w3=0.25, w4=0.03",130423924.2,222867945.43
2025-04-18,0.97374,"w1=0.44, w2=0.28, w3=0.25, w4=0.03",130687227.0,219359591.75
2025-04-19,0.958246,"w1=0.44, w2=0.28, w3=0.25, w4=0.03",130930245.2,216459588.21
2025-04-20,0.994036,"w1=0.44, w2=0.28, w3=0.25, w4=0.03",131153528.9,224580172.25
2025-04-21,1.049045,"w1=0.44, w2=0.28, w3=0.25, w4=0.03",131357883.0,237554550.99
2025-04-22,1.052045,"w1=0.44, w2=0.28, w3=0.25, w4=0.03",131544173.5,238606013.34
2025-04-23,1.033511,"w1=0.44, w2=0.28, w3=0.25, w4=0.03",131713429.4,234535010.26
2025-04-24,1.01552,"w1=0.44, w2=0.28, w3=0.25, w4=0.03",131866679.7,230648414.25
2025-04-25,1.016434,"w1=0.44, w2=0.28, w3=0.25, w4=0.03",132005004.4,231099664.1
2025-04-26,1.002582,"w1=0.44, w2=0.28, w3=0.25, w4=0.03",132129513.8,228167858.96
2025-04-27,0.984351,"w1=0.44, w2=0.28, w3=0.25, w4=0.03",132241247.4,224293412.25
2025-04-28,0.962081,"w1=0.44, w2=0.28, w3=0.25, w4=0.03",132341254.4,219613943.22
2025-04-29,0.93258,"w1=0.44, w2=0.28, w3=0.25, w4=0.03",132430533.2,213536961.31
2025-04-30,0.938375,"w1=0.44, w2=0.28, w3=0.25, w4=0.03",133410950.0,216331683.68
2025-05-01,1.020531,"w1=0.44, w2=0.28, w3=0.25, w4=0.03",133545331.8,234748409.71
2025-05-02,1.048683,"w1=0.44, w2=0.28, w3=0.25, w4=0.03",133679683.1,241665975.7
2025-05-03,1.040439,"w1=0.44, w2=0.28, w3=0.25, w4=0.03",133850793.2,239992006.68
2025-05-04,1.017967,"w1=0.44, w2=0.28, w3=0.25, w4=0.03",134054474.9,235044696.72
2025-05-05,1.007239,"w1=0.44, w2=0.28, w3=0.25, w4=0.03",134285542.4,232961097.85
2025-05-06,1.01291,"w1=0.44, w2=0.28, w3=0.25, w4=0.03",134537230.7,234711657.14
2025-05-07,1.003712,"w1=0.44, w2=0.28, w3=0.25, w4=0.03",134802734.1,233044195.41
2025-05-08,0.995463,"w1=0.44, w2=0.28, w3=0.25, w4=0.03",135075817.5,231622188.95
2025-05-09,0.981783,"w1=0.44, w2=0.28, w3=0.25, w4=0.03",135351091.4,228989114.42
2025-05-10,0.971532,"w1=0.44, w2=0.28, w3=0.25, w4=0.03",135624134.1,227153902.58
2025-05-11,0.965042,"w1=0.44, w2=0.28, w3=0.25, w4=0.03",135891298.2,226159202.06
2025-05-12,1.008371,"w1=0.44, w2=0.28, w3=0.25, w4=0.03",136149792.2,236459906.75
2025-05-13,1.0398,"w1=0.44, w2=0.28, w3=0.25, w4=0.03",136397466.3,244402352.78
2025-05-14,1.038867,"w1=0.44, w2=0.28, w3=0.25, w4=0.03",136632782.3,244596359.9
2025-05-15,1.028879,"w1=0.44, w2=0.28, w3=0.25, w4=0.03",136854690.6,242569144.26
2025-05-16,1.021798,"w1=0.44, w2=0.28, w3=0.25, w4=0.03",137062559.6,241234258.41
2025-05-17,1.020738,"w1=0.44, w2=0.28, w3=0.25, w4=0.03",137256165.2,241320953.97
2025-05-18,1.014736,"w1=0.44, w2=0.28, w3=0.25, w4=0.03",137435456.4,240202053.72
2025-05-19,1.003006,"w1=0.44, w2=0.28, w3=0.25, w4=0.03",137600688.0,237715328.17
2025-05-20,0.979825,"w1=0.44, w2=0.28, w3=0.25, w4=0.03",137752257.2,232603498.0
2025-05-21,0.953804,"w1=0.44, w2=0.28, w3=0.25, w4=0.03",137890755.1,226980515.18
2025-05-22,0.965419,"w1=0.44, w2=0.28, w3=0.25, w4=0.03",138016762.2,229781301.55
2025-05-23,1.020146,"w1=0.44, w2=0.28, w3=0.25, w4=0.03",138131012.3,242716445.83
2025-05-24,1.046568,"w1=0.44, w2=0.28, w3=0.25, w4=0.03",138234238.7,249372219.24
2025-05-25,1.0433,"w1=0.44, w2=0.28, w3=0.25, w4=0.03",138327215.8,248727082.87
2025-05-26,1.0238,"w1=0.44, w2=0.28, w3=0.25, w4=0.03",138410697.6,244091807.81
2025-05-27,1.016804,"w1=0.44, w2=0.28, w3=0.25, w4=0.03",138485427.8,242533828.05
2025-05-28,1.020249,"w1=0.44, w2=0.28, w3=0.25, w4=0.03",138552139.8,243481315.24
2025-05-29,1.006734,"w1=0.44, w2=0.28, w3=0.25, w4=0.03",138611536.8,240345827.55
2025-05-30,1.001223,"w1=0.44, w2=0.28, w3=0.25, w4=0.03",139687488.0,240895718.69
2025-05-31,0.988557,"w1=0.44, w2=0.28, w3=0.25, w4=0.03",139807810.1,238110463.94
2025-06-01,0.986174,"w1=0.44, w2=0.28, w3=0.25, w4=0.03",139962527.5,237815520.2
2025-06-02,0.995374,"w1=0.44, w2=0.28, w3=0.25, w4=0.03",140117805.3,240246882.92
2025-06-03,1.06572,"w1=0.44, w2=0.28, w3=0.25, w4=0.03",140302312.8,258002480.39
2025-06-04,1.092072,"w1=0.44, w2=0.28, w3=0.25, w4=0.03",140512759.4,265334199.49
2025-06-05,1.079791,"w1=0.44, w2=0.28, w3=0.25, w4=0.03",140745171.7,262502944.52
2025-06-06,1.055716,"w1=0.44, w2=0.28, w3=0.25, w4=0.03",140994598.3,256689087.13
2025-06-07,1.047301,"w1=0.44, w2=0.28, w3=0.25, w4=0.03",141255812.5,255009731.76
2025-06-08,1.041829,"w1=0.44, w2=0.28, w3=0.25, w4=0.03",141523954.7,254101913.41
2025-06-09,1.012307,"w1=0.44, w2=0.28, w3=0.25, w4=0.03",141794715.2,247225247.29
2025-06-10,0.992507,"w1=0.44, w2=0.28, w3=0.25, w4=0.03",142064426.3,242897031.76
2025-06-11,0.969712,"w1=0.44, w2=0.28, w3=0.25, w4=0.03",142330031.7,237960646.06
2025-06-12,0.9529,"w1=0.44, w2=0.28, w3=0.25, w4=0.03",142589065.6,234507437.94
2025-06-13,1.003017,"w1=0.44, w2=0.28, w3=0.25, w4=0.03",142839643.4,246768691.98
2025-06-14,1.058795,"w1=0.44, w2=0.28, w3=0.25, w4=0.03",143080267.4,261290530.81
2025-06-15,1.047192,"w1=0.44, w2=0.28, w3=0.25, w4=0.03",143309898.3,258689812.48
2025-06-16,1.02107,"w1=0.44, w2=0.28, w3=0.25, w4=0.03",143527792.4,252430770.01
2025-06-17,0.995692,"w1=0.44, w2=0.28, w3=0.25, w4=0.03",143733572.9,246523809.58
2025-06-18,1.004071,"w1=0.44, w2=0.28, w3=0.25, w4=0.03",143927005.3,248906351.18
2025-06-19,0.977574,"w1=0.44, w2=0.28, w3=0.25, w4=0.03",144108150.8,242798494.42
2025-06-20,0.962154,"w1=0.44, w2=0.28, w3=0.25, w4=0.03",144277121.4,239438031.56
2025-06-21,0.944001,"w1=0.44, w2=0.28, w3=0.25, w4=0.03",144434253.4,235491338.24
2025-06-22,0.914852,"w1=0.44, w2=0.28, w3=0.25, w4=0.03",144579944.1,229161085.91
2025-06-23,0.937373,"w1=0.44, w2=0.28, w3=0.25, w4=0.03",144714651.9,234432785.57
2025-06-24,1.002941,"w1=0.44, w2=0.28, w3=0.25, w4=0.03",144838855.8,250203725.36
2025-06-25,1.024368,"w1=0.44, w2=0.28, w3=0.25, w4=0.03",144953146.5,255773903.65
2025-06-26,1.014474,"w1=0.44, w2=0.28, w3=0.25, w4=0.03",145058054.0,253458587.55
2025-06-27,0.992228,"w1=0.44, w2=0.28, w3=0.25, w4=0.03",145154189.5,248111576.68
2025-06-28,0.981557,"w1=0.44, w2=0.28, w3=0.25, w4=0.03",145242082.7,245668276.25
2025-06-29,0.997676,"w1=0.44, w2=0.28, w3=0.25, w4=0.03",144376832.9,248112270.56
2025-06-30,0.983397,"w1=0.44, w2=0.28, w3=0.25, w4=0.03",144385238.1,244661110.97
2025-07-01,1.001791,"w1=0.44, w2=0.28, w3=0.25, w4=0.03",144349824.1,249075780.42
2025-07-02,0.987341,"w1=0.44, w2=0.28, w3=0.25, w4=0.03",144279515.6,245432379.68
2025-07-03,0.966505,"w1=0.44, w2=0.28, w3=0.25, w4=0.03",144213262.0,240353093.5
2025-07-04,1.003713,"w1=0.44, w2=0.28, w3=0.25, w4=0.03",144162657.4,249225684.71
2025-07-05,1.081134,"w1=0.44, w2=0.28, w3=0.25, w4=0.03",144133926.8,269187031.33
2025-07-06,1.083877,"w1=0.44, w2=0.28, w3=0.25, w4=0.03",144128771.6,269922179.76
2025-07-07,1.070759,"w1=0.44, w2=0.28, w3=0.25, w4=0.03",144146285.1,266415549.79
2025-07-08,1.043886,"w1=0.44, w2=0.28, w3=0.25, w4=0.03",144183991.4,259409867.54
2025-07-09,1.049265,"w1=0.44, w2=0.28, w3=0.25, w4=0.03",144238712.0,260906283.63
2025-07-10,1.040746,"w1=0.44, w2=0.28, w3=0.25, w4=0.03",144307207.0,258819399.29
2025-07-11,1.025674,"w1=0.44, w2=0.28, w3=0.25, w4=0.03",144386236.6,255104386.84
2025-07-12,1.010566,"w1=0.44, w2=0.28, w3=0.25, w4=0.03",144472876.7,251460841.93
2025-07-13,0.983513,"w1=0.44, w2=0.28, w3=0.25, w4=0.03",144564600.7,244992983.55
2025-07-14,0.970307,"w1=0.44, w2=0.28, w3=0.25, w4=0.03",144659157.0,241995743.79
2025-07-15,1.021911,"w1=0.44, w2=0.28, w3=0.25, w4=0.03",144754772.9,254801370.65
2025-07-16,1.077118,"w1=0.44, w2=0.28, w3=0.25, w4=0.03",144849950.7,269432993.22
2025-07-17,1.072187,"w1=0.44, w2=0.28, w3=0.25, w4=0.03",144943467.8,268273553.03
2025-07-18,1.04988,"w1=0.44, w2=0.28, w3=0.25, w4=0.03",145034468.4,262507001.86
2025-07-19,1.029028,"w1=0.44, w2=0.28, w3=0.25, w4=0.03",145122198.7,257261071.9
2025-07-20,1.034272,"w1=0.44, w2=0.28, w3=0.25, w4=0.03",145206159.3,258756787.47
2025-07-21,1.014772,"w1=0.44, w2=0.28, w3=0.25, w4=0.03",145285993.7,253931846.25
2025-07-22,1.001842,"w1=0.44, w2=0.28, w3=0.25, w4=0.03",145361508.4,250834079.76
2025-07-23,0.983738,"w1=0.44, w2=0.28, w3=0.25, w4=0.03",145432550.4,246518429.3
2025-07-24,0.963627,"w1=0.44, w2=0.28, w3=0.25, w4=0.03",145499089.3,241814099.72
2025-07-25,0.959739,"w1=0.44, w2=0.28, w3=0.25, w4=0.03",145561206.5,240999433.96
2025-07-26,1.019414,"w1=0.44, w2=0.28, w3=0.25, w4=0.03",145618993.7,255688138.16
2025-07-27,1.056461,"w1=0.44, w2=0.28, w3=0.25, w4=0.03",145672542.7,265403427.89
2025-07-28,1.051575,"w1=0.44, w2=0.28, w3=0.25, w4=0.03",145722046.9,264198837.52
2025-07-29,1.0352,"w1=0.44, w2=0.28, w3=0.25, w4=0.03",145017393.1,258659357.6
2025-07-30,1.017717,"w1=0.44, w2=0.28, w3=0.25, w4=0.03",145007347.5,254185904.55
2025-07-31,1.018014,"w1=0.44, w2=0.28, w3=0.25, w4=0.03",144964740.7,254186083.48
2025-08-01,1.026104,"w1=0.44, w2=0.28, w3=0.25, w4=0.03",144902205.7,256125437.46
2025-08-02,1.014848,"w1=0.44, w2=0.28, w3=0.25, w4=0.03",144819314.9,253135247.73
2025-08-03,0.99499,"w1=0.44, w2=0.28, w3=0.25, w4=0.03",144752287.0,248099220.42
2025-08-04,0.966772,"w1=0.44, w2=0.28, w3=0.25, w4=0.03",144707642.5,241240104.23
2025-08-05,0.983802,"w1=0.44, w2=0.28, w3=0.25, w4=0.03",144688468.3,245272593.31
2025-08-06,1.049642,"w1=0.44, w2=0.28, w3=0.25, w4=0.03",144693990.3,261828454.03
2025-08-07,1.081405,"w1=0.44, w2=0.28, w3=0.25, w4=0.03",144721610.4,270358370.63
2025-08-08,1.067668,"w1=0.44, w2=0.28, w3=0.25, w4=0.03",144767671.1,266734800.61
2025-08-09,1.040208,"w1=0.44, w2=0.28, w3=0.25, w4=0.03",144828484.2,259614988.99
2025-08-10,1.034073,"w1=0.44, w2=0.28, w3=0.25, w4=0.03",144900433.0,258160821.0
2025-08-11,1.040183,"w1=0.44, w2=0.28, w3=0.25, w4=0.03",144980267.4,259880591.49
2025-08-12,1.024079,"w1=0.44, w2=0.28, w3=0.25, w4=0.03",145065257.0,255898250.06
2025-08-13,1.011004,"w1=0.44, w2=0.28, w3=0.25, w4=0.03",145153079.0,252754346.19
2025-08-14,0.991319,"w1=0.44, w2=0.28, w3=0.25, w4=0.03",145241838.2,248039127.79
2025-08-15,0.978276,"w1=0.44, w2=0.28, w3=0.25, w4=0.03",145330026.9,245025987.55
2025-08-16,1.018024,"w1=0.44, w2=0.28, w3=0.25, w4=0.03",145416493.8,254980731.71
2025-08-17,1.082589,"w1=0.44, w2=0.28, w3=0.25, w4=0.03",145500332.2,272137455.05
2025-08-18,1.079627,"w1=0.44, w2=0.28, w3=0.25, w4=0.03",145580890.0,271477190.54
2025-08-19,1.060953,"w1=0.44, w2=0.28, w3=0.25, w4=0.03",145657729.1,266573220.56
2025-08-20,1.039091,"w1=0.44, w2=0.28, w3=0.25, w4=0.03",145730533.7,260941178.58
2025-08-21,1.041513,"w1=0.44, w2=0.28, w3=0.25, w4=0.03",145799110.2,261695312.27
2025-08-22,1.017109,"w1=0.44, w2=0.28, w3=0.25, w4=0.03",145863417.8,255532402.16
2025-08-23,0.999522,"w1=0.44, w2=0.28, w3=0.25, w4=0.03",145923456.7,251227500.91
2025-08-24,0.977815,"w1=0.44, w2=0.28, w3=0.25, w4=0.03",145979287.8,246009255.58
2025-08-25,0.949914,"w1=0.44, w2=0.28, w3=0.25, w4=0.03",146031074.2,239470018.03
2025-08-26,0.965558,"w1=0.44, w2=0.28, w3=0.25, w4=0.03",146078897.4,243236874.84
2025-08-27,1.028721,"w1=0.44, w2=0.28, w3=0.25, w4=0.03",146122981.6,258956104.47
2025-08-28,1.055691,"w1=0.44, w2=0.28, w3=0.25, w4=0.03",148957887.9,271179945.23
2025-08-29,1.051529,"w1=0.44, w2=0.28, w3=0.25, w4=0.03",149166235.8,270430824.7
2025-08-30,1.026437,"w1=0.44, w2=0.28, w3=0.25, w4=0.03",149473327.3,264292691.76
2025-08-31,1.015693,"w1=0.44, w2=0.28, w3=0.25, w4=0.03",149837747.6,262126612.49
2025-09-01,1.03789,"w1=0.44, w2=0.28, w3=0.25, w4=0.03",150228962.7,268674091.66
2025-09-02,1.016221,"w1=0.44, w2=0.28, w3=0.25, w4=0.03",150631527.5,263653223.09
2025-09-03,0.9997,"w1=0.44, w2=0.28, w3=0.25, w4=0.03",151047357.2,260094713.0
2025-09-04,0.977076,"w1=0.44, w2=0.28, w3=0.25, w4=0.03",151469371.1,255076200.6
2025-09-05,0.949087,"w1=0.44, w2=0.28, w3=0.25, w4=0.03",151893086.5,248882194.2
2025-09-06,0.974492,"w1=0.44, w2=0.28, w3=0.25, w4=0.03",152314407.7,255849651.05
2025-09-07,1.047259,"w1=0.44, w2=0.28, w3=0.25, w4=0.03",152729656.7,275711944.37
2025-09-08,1.056918,"w1=0.44, w2=0.28, w3=0.25, w4=0.03",153135583.5,279128163.57
2025-09-09,1.039853,"w1=0.44, w2=0.28, w3=0.25, w4=0.03",153529396.6,275114559.74
2025-09-10,1.019162,"w1=0.44, w2=0.28, w3=0.25, w4=0.03",153908752.8,270176323.97
2025-09-11,1.021674,"w1=0.44, w2=0.28, w3=0.25, w4=0.03",154271889.3,271489776.66
2025-09-12,1.011152,"w1=0.44, w2=0.28, w3=0.25, w4=0.03",154617430.9,269274033.2
2025-09-13,0.996635,"w1=0.44, w2=0.28, w3=0.25, w4=0.03",154944409.7,265999337.12
2025-09-14,0.977163,"w1=0.44, w2=0.28, w3=0.25, w4=0.03",155252336.7,261469089.14
2025-09-15,0.95422,"w1=0.44, w2=0.28, w3=0.25, w4=0.03",155541018.2,256138379.06
2025-09-16,0.944038,"w1=0.44, w2=0.28, w3=0.25, w4=0.03",155810535.7,254048828.13
2025-09-17,0.990595,"w1=0.44, w2=0.28, w3=0.25, w4=0.03",156061225.6,266326088.01
2025-09-18,1.049252,"w1=0.44, w2=0.28, w3=0.25, w4=0.03",156293668.5,282708226.0
2025-09-19,1.044526,"w1=0.44, w2=0.28, w3=0.25, w4=0.03",156508516.4,281763593.88
2025-09-20,1.022298,"w1=0.44, w2=0.28, w3=0.25, w4=0.03",156706564.0,275945253.62
2025-09-21,1.005389,"w1=0.44, w2=0.28, w3=0.25, w4=0.03",156888626.4,271675839.14
2025-09-22,1.018348,"w1=0.44, w2=0.28, w3=0.25, w4=0.03",157055691.9,275478016.16
2025-09-23,1.002674,"w1=0.44, w2=0.28, w3=0.25, w4=0.03",157208646.7,271500439.96
2025-09-24,0.99426,"w1=0.44, w2=0.28, w3=0.25, w4=0.03",157348438.4,269494423.4
2025-09-25,0.98041,"w1=0.44, w2=0.28, w3=0.25, w4=0.03",157475953.4,266061088.31
2025-09-26,0.962176,"w1=0.44, w2=0.28, w3=0.25, w4=0.03",157592129.0,261540849.79
2025-09-27,0.954169,"w1=0.44, w2=0.28, w3=0.25, w4=0.03",157373185.5,259142617.6
2025-09-28,1.011387,"w1=0.44, w2=0.28, w3=0.25, w4=0.03",157450421.9,274271644.5
2025-09-29,1.059532,"w1=0.44, w2=0.28, w3=0.25, w4=0.03",157505713.1,287846459.23
2025-09-30,1.057777,"w1=0.44, w2=0.28, w3=0.25, w4=0.03",157544682.8,287411976.5
2025-10-01,1.059407,"w1=0.44, w2=0.28, w3=0.25, w4=0.03",157571701.8,287930994.42
2025-10-02,1.044151,"w1=0.44, w2=0.28, w3=0.25, w4=0.03",157584956.6,283595335.38
2025-10-03,1.050331,"w1=0.44, w2=0.28, w3=0.25, w4=0.03",157613147.2,285402584.82
2025-10-04,1.035225,"w1=0.44, w2=0.28, w3=0.25, w4=0.03",157659289.4,281214998.67
2025-10-05,1.021568,"w1=0.44, w2=0.28, w3=0.25, w4=0.03",157725502.2,277538284.59
2025-10-06,1.001541,"w1=0.44, w2=0.28, w3=0.25, w4=0.03",157811612.5,272236872.1
2025-10-07,0.972723,"w1=0.44, w2=0.28, w3=0.25, w4=0.03",157915969.9,264799029.39
2025-10-08,0.999773,"w1=0.44, w2=0.28, w3=0.25, w4=0.03",158036129.0,272148583.98
2025-10-09,1.06888,"w1=0.44, w2=0.28, w3=0.25, w4=0.03",158169104.9,291781801.39
2025-10-10,1.091103,"w1=0.44, w2=0.28, w3=0.25, w4=0.03",158311932.7,298652616.13
2025-10-11,1.081685,"w1=0.44, w2=0.28, w3=0.25, w4=0.03",158461719.0,296110126.84
2025-10-12,1.063037,"w1=0.44, w2=0.28, w3=0.25, w4=0.03",158615784.4,290895295.92
2025-10-13,1.059431,"w1=0.44, w2=0.28, w3=0.25, w4=0.03",158771754.9,290130829.19
2025-10-14,1.060071,"w1=0.44, w2=0.28, w3=0.25, w4=0.03",158927542.0,290601792.86
2025-10-15,1.045133,"w1=0.44, w2=0.28, w3=0.25, w4=0.03",159081454.6,286569288.48
2025-10-16,1.029236,"w1=0.44, w2=0.28, w3=0.25, w4=0.03",159232025.4,282332249.23
2025-10-17,1.004702,"w1=0.44, w2=0.28, w3=0.25, w4=0.03",159378154.1,275799434.06
2025-10-18,0.97894,"w1=0.44, w2=0.28, w3=0.25, w4=0.03",159518954.5,269123910.55
2025-10-19,1.015728,"w1=0.44, w2=0.28, w3=0.25, w4=0.03",159653754.1,279308454.73
2025-10-20,1.086135,"w1=0.44, w2=0.28, w3=0.25, w4=0.03",159782094.3,299919269.82
2025-10-21,1.096759,"w1=0.44, w2=0.28, w3=0.25, w4=0.03",159903690.0,303383530.28
2025-10-22,1.079374,"w1=0.44, w2=0.28, w3=0.25, w4=0.03",160018347.5,298323973.66
2025-10-23,1.05372,"w1=0.44, w2=0.28, w3=0.25, w4=0.03",160126077.1,290937362.85
2025-10-24,1.052757,"w1=0.44, w2=0.28, w3=0.25, w4=0.03",160226878.8,290840188.5
2025-10-25,1.041442,"w1=0.44, w2=0.28, w3=0.25, w4=0.03",160320895.1,287740132.13
2025-10-26,1.024145,"w1=0.44, w2=0.28, w3=0.25, w4=0.03",160408289.2,282982242.73
2025-10-27,1.026529,"w1=0.44, w2=0.28, w3=0.25, w4=0.03",156880394.4,277414934.4
2025-10-28,1.00318,"w1=0.44, w2=0.28, w3=0.25, w4=0.03",156729242.8,270807875.8
2025-10-29,0.993202,"w1=0.44, w2=0.28, w3=0.25, w4=0.03",156439603.7,267658519.06
2025-10-30,1.041896,"w1=0.44, w2=0.28, w3=0.25, w4=0.03",156064750.7,280228196.72
2025-10-31,1.087406,"w1=0.44, w2=0.28, w3=0.25, w4=0.03",155644010.3,292526519.01
2025-11-01,1.108997,"w1=0.44, w2=0.28, w3=0.25, w4=0.03",155204197.6,298136942.18
2025-11-02,1.091005,"w1=0.44, w2=0.28, w3=0.25, w4=0.03",154756122.4,291915768.77
2025-11-03,1.078652,"w1=0.44, w2=0.28, w3=0.25, w4=0.03",154341026.2,287530660.66
2025-11-04,1.082797,"w1=0.44, w2=0.28, w3=0.25, w4=0.03",153966214.0,288032014.61
2025-11-05,1.071033,"w1=0.44, w2=0.28, w3=0.25, w4=0.03",153635017.3,284031083.65
2025-11-06,1.059982,"w1=0.44, w2=0.28, w3=0.25, w4=0.03",153346896.1,280372479.74
2025-11-07,1.041866,"w1=0.44, w2=0.28, w3=0.25, w4=0.03",153099069.1,274894822.85
2025-11-08,1.022541,"w1=0.44, w2=0.28, w3=0.25, w4=0.03",152887899.2,269285917.31
2025-11-09,1.007077,"w1=0.44, w2=0.28, w3=0.25, w4=0.03",152709341.5,264880602.75
2025-11-10,1.05434,"w1=0.44, w2=0.28, w3=0.25, w4=0.03",152559382.0,277361242.03
2025-11-11,1.098808,"w1=0.44, w2=0.28, w3=0.25, w4=0.03",152434312.1,289811608.94
2025-11-12,1.098323,"w1=0.44, w2=0.28, w3=0.25, w4=0.03",152330729.1,289472696.34
2025-11-13,1.080834,"w1=0.44, w2=0.28, w3=0.25, w4=0.03",152245586.6,284250627.57
2025-11-14,1.061362,"w1=0.44, w2=0.28, w3=0.25, w4=0.03",152176225.7,278617135.96
2025-11-15,1.061421,"w1=0.44, w2=0.28, w3=0.25, w4=0.03",152120302.8,278531218.76
2025-11-16,1.043606,"w1=0.44, w2=0.28, w3=0.25, w4=0.03",152075729.6,273531900.92
2025-11-17,1.029823,"w1=0.44, w2=0.28, w3=0.25, w4=0.03",152040845.4,269739108.57
2025-11-18,1.013731,"w1=0.44, w2=0.28, w3=0.25, w4=0.03",152014081.1,265417306.3
2025-11-19,0.993016,"w1=0.44, w2=0.28, w3=0.25, w4=0.03",151994102.1,260004866.37
2025-11-20,0.99523,"w1=0.44, w2=0.28, w3=0.25, w4=0.03",151979838.7,260548595.6
2025-11-21,1.059313,"w1=0.44, w2=0.28, w3=0.25, w4=0.03",151970251.6,277669306.07
2025-11-22,1.09467,"w1=0.44, w2=0.28, w3=0.25, w4=0.03",151964566.6,287712808.3
2025-11-23,1.086914,"w1=0.44, w2=0.28, w3=0.25, w4=0.03",151962060.4,285464783.18
2025-11-24,1.06477,"w1=0.44, w2=0.28, w3=0.25, w4=0.03",151962152.0,279177598.38
2025-11-25,1.054125,"w1=0.44, w2=0.28, w3=0.25, w4=0.03",151964271.2,276219867.28
2025-11-26,1.04721,"w1=0.44, w2=0.28, w3=0.25, w4=0.03",153754779.1,277548938.65
2025-11-27,1.035301,"w1=0.44, w2=0.28, w3=0.25, w4=0.03",153869925.7,274476733.13
2025-11-28,1.024363,"w1=0.44, w2=0.28, w3=0.25, w4=0.03",154052915.2,271829351.24
2025-11-29,1.007596,"w1=0.44, w2=0.28, w3=0.25, w4=0.03",154278043.0,267739004.7
2025-11-30,0.979969,"w1=0.44, w2=0.28, w3=0.25, w4=0.03",154525482.8,260963076.22
2025-12-01,1.01374,"w1=0.44, w2=0.28, w3=0.25, w4=0.03",154781154.7,270251039.82
2025-12-02,1.080225,"w1=0.44, w2=0.28, w3=0.25, w4=0.03",155026567.1,289265443.75
2025-12-03,1.109728,"w1=0.44, w2=0.28, w3=0.25, w4=0.03",155284429.4,298512141.69
2025-12-04,1.100239,"w1=0.44, w2=0.28, w3=0.25, w4=0.03",155551104.5,296165599.25
2025-12-05,1.08072,"w1=0.44, w2=0.28, w3=0.25, w4=0.03",155825237.3,290900632.81
2025-12-06,1.06821,"w1=0.44, w2=0.28, w3=0.25, w4=0.03",156104749.4,287779936.0
2025-12-07,1.065683,"w1=0.44, w2=0.28, w3=0.25, w4=0.03",156387195.8,287570359.65
2025-12-08,1.050693,"w1=0.44, w2=0.28, w3=0.25, w4=0.03",156669957.9,283797366.65
2025-12-09,1.035528,"w1=0.44, w2=0.28, w3=0.25, w4=0.03",156950662.1,280035535.21
2025-12-10,1.01873,"w1=0.44, w2=0.28, w3=0.25, w4=0.03",157226852.9,275882758.45
2025-12-11,1.003917,"w1=0.44, w2=0.28, w3=0.25, w4=0.03",157496482.6,272331853.88
2025-12-12,1.045967,"w1=0.44, w2=0.28, w3=0.25, w4=0.03",157757737.6,284421509.74
2025-12-13,1.113304,"w1=0.44, w2=0.28, w3=0.25, w4=0.03",158009161.0,304853473.01
2025-12-14,1.128058,"w1=0.44, w2=0.28, w3=0.25, w4=0.03",158249530.2,309928841.52
2025-12-15,1.11668,"w1=0.44, w2=0.28, w3=0.25, w4=0.03",158478030.2,306807393.76
2025-12-16,1.094187,"w1=0.44, w2=0.28, w3=0.25, w4=0.03",158694100.7,300307213.7
2025-12-17,1.095521,"w1=0.44, w2=0.28, w3=0.25, w4=0.03",158897344.3,301097303.03
2025-12-18,1.084626,"w1=0.44, w2=0.28, w3=0.25, w4=0.03",159087710.1,298162014.18
2025-12-19,1.061837,"w1=0.44, w2=0.28, w3=0.25, w4=0.03",159265238.8,291735173.45
2025-12-20,1.040721,"w1=0.44, w2=0.28, w3=0.25, w4=0.03",159430154.5,285935739.39
2025-12-21,1.012225,"w1=0.44, w2=0.28, w3=0.25, w4=0.03",159582844.5,278217026.85
2025-12-22,1.00728,"w1=0.44, w2=0.28, w3=0.25, w4=0.03",159723726.3,277102978.67
2025-12-23,1.067108,"w1=0.44, w2=0.28, w3=0.25, w4=0.03",159853329.9,294364655.67
2025-12-24,1.120844,"w1=0.44, w2=0.28, w3=0.25, w4=0.03",159972215.5,311012634.87
2025-12-25,1.119188,"w1=0.44, w2=0.28, w3=0.25, w4=0.03",160080953.8,310700877.37
2025-12-26,1.129444,"w1=0.44, w2=0.28, w3=0.25, w4=0.03",155235454.9,304455061.6
2025-12-27,1.114152,"w1=0.44, w2=0.28, w3=0.25, w4=0.03",155015726.9,299335528.75
2025-12-28,1.115552,"w1=0.44, w2=0.28, w3=0.25, w4=0.03",154602678.5,298962358.62
2025-12-29,1.096735,"w1=0.44, w2=0.28, w3=0.25, w4=0.03",154069094.0,292306524.9
2025-12-30,1.085028,"w1=0.44, w2=0.28, w3=0.25, w4=0.03",153471497.3,287752674.99
2025-12-31,1.072204,"w1=0.44, w2=0.28, w3=0.25, w4=0.03",152849958.5,282912383.55
2026-01-01,1.068242,"w1=0.44, w2=0.28, w3=0.25, w4=0.03",152231414.9,280648439.34
2026-01-02,1.089643,"w1=0.44, w2=0.28, w3=0.25, w4=0.03",151594950.4,285560111.99
2026-01-03,1.172475,"w1=0.44, w2=0.28, w3=0.25, w4=0.03",150997628.8,309469436.77
2026-01-04,1.205764,"w1=0.44, w2=0.28, w3=0.25, w4=0.03",150452083.4,319119891.14
2026-01-05,1.186434,"w1=0.44, w2=0.28, w3=0.25, w4=0.03",149965323.7,311800824.12
2026-01-06,1.156167,"w1=0.44, w2=0.28, w3=0.25, w4=0.03",149538602.8,301394730.86
2026-01-07,1.151383,"w1=0.44, w2=0.28, w3=0.25, w4=0.03",149169628.4,299182551.06
2026-01-08,1.151359,"w1=0.44, w2=0.28, w3=0.25, w4=0.03",148854091.0,298542362.78
2026-01-09,1.134369,"w1=0.44, w2=0.28, w3=0.25, w4=0.03",148586651.8,292880741.81
2026-01-10,1.119875,"w1=0.44, w2=0.28, w3=0.25, w4=0.03",148361788.9,288156195.45
2026-01-11,1.100573,"w1=0.44, w2=0.28, w3=0.25, w4=0.03",148174010.9,282215112.52
2026-01-12,1.07329,"w1=0.44, w2=0.28, w3=0.25, w4=0.03",148018244.2,274268474.61
2026-01-13,1.110224,"w1=0.44, w2=0.28, w3=0.25, w4=0.03",147889883.5,284440155.96
2026-01-14,1.178034,"w1=0.44, w2=0.28, w3=0.25, w4=0.03",147784853.8,304621031.49
2026-01-15,1.191336,"w1=0.44, w2=0.28, w3=0.25, w4=0.03",147699589.1,308646176.54
2026-01-16,1.176585,"w1=0.44, w2=0.28, w3=0.25, w4=0.03",147630982.0,303850635.06
2026-01-17,1.157112,"w1=0.44, w2=0.28, w3=0.25, w4=0.03",147576363.3,297727843.56
2026-01-18,1.151147,"w1=0.44, w2=0.28, w3=0.25, w4=0.03",147533491.5,295829601.6
2026-01-19,1.13902,"w1=0.44, w2=0.28, w3=0.25, w4=0.03",147500430.9,292121823.93
2026-01-20,1.124816,"w1=0.44, w2=0.28, w3=0.25, w4=0.03",147475480.1,287876960.49
2026-01-21,1.102592,"w1=0.44, w2=0.28, w3=0.25, w4=0.03",147457253.5,281424235.85
2026-01-22,1.079121,"w1=0.44, w2=0.28, w3=0.25, w4=0.03",147444559.1,274812529.53
2026-01-23,1.068097,"w1=0.44, w2=0.28, w3=0.25, w4=0.03",147436418.7,271768989.77
2026-01-24,1.123983,"w1=0.44, w2=0.28, w3=0.25, w4=0.03",147431925.8,287548253.97
2026-01-25,1.169273,"w1=0.44, w2=0.28, w3=0.25, w4=0.03",151703393.2,309894902.04
2026-01-26,1.178804,"w1=0.44, w2=0.28, w3=0.25, w4=0.03",152029281.8,313618207.19
2026-01-27,1.162797,"w1=0.44, w2=0.28, w3=0.25, w4=0.03",152554318.4,309569019.32
2026-01-28,1.14068,"w1=0.44, w2=0.28, w3=0.25, w4=0.03",153210425.7,303944769.04
2026-01-29,1.141651,"w1=0.44, w2=0.28, w3=0.25, w4=0.03",153943759.3,305702415.77
2026-01-30,1.12537,"w1=0.44, w2=0.28, w3=0.25, w4=0.03",154715135.4,302179224.88
2026-01-31,1.110025,"w1=0.44, w2=0.28, w3=0.25, w4=0.03",155497188.7,299011144.45
2026-02-01,1.11006,"w1=0.44, w2=0.28, w3=0.25, w4=0.03",156271570.3,300510892.2
2026-02-02,1.081894,"w1=0.44, w2=0.28, w3=0.25, w4=0.03",156955817.3,293357860.56
2026-02-03,1.078568,"w1=0.44, w2=0.28, w3=0.25, w4=0.03",157607808.6,293591714.62
2026-02-04,1.141761,"w1=0.44, w2=0.28, w3=0.25, w4=0.03",158230845.1,314251021.09
2026-02-05,1.179858,"w1=0.44, w2=0.28, w3=0.25, w4=0.03",158830734.1,328004366.76
2026-02-06,1.162248,"w1=0.44, w2=0.28, w3=0.25, w4=0.03",159411265.7,323301341.47
2026-02-07,1.128405,"w1=0.44, w2=0.28, w3=0.25, w4=0.03",159974670.9,313418170.69
2026-02-08,1.110322,"w1=0.44, w2=0.28, w3=0.25, w4=0.03",160521948.3,308766381.64
2026-02-09,1.111365,"w1=0.44, w2=0.28, w3=0.25, w4=0.03",161053332.1,310116265.18
2026-02-10,1.095426,"w1=0.44, w2=0.28, w3=0.25, w4=0.03",161568445.4,306129434.48
2026-02-11,1.081541,"w1=0.44, w2=0.28, w3=0.25, w4=0.03",162066666.8,302802610.77
2026-02-12,1.059391,"w1=0.44, w2=0.28, w3=0.25, w4=0.03",162547252.5,297018064.11
2026-02-13,1.027375,"w1=0.44, w2=0.28, w3=0.25, w4=0.03",163009448.5,288495583.51
2026-02-14,1.040566,"w1=0.44, w2=0.28, w3=0.25, w4=0.03",163452643.7,293104702.05
2026-02-15,1.11174,"w1=0.44, w2=0.28, w3=0.25, w4=0.03",163876318.3,315672079.93
2026-02-16,1.1307,"w1=0.44, w2=0.28, w3=0.25, w4=0.03",164280166.7,322606284.79
2026-02-17,1.11158,"w1=0.44, w2=0.28, w3=0.25, w4=0.03",164664117.7,317138145.42
2026-02-18,1.089159,"w1=0.44, w2=0.28, w3=0.25, w4=0.03",165028222.2,310712666.18
2026-02-19,1.078359,"w1=0.44, w2=0.28, w3=0.25, w4=0.03",165372683.9,307991332.44
2026-02-20,1.072588,"w1=0.44, w2=0.28, w3=0.25, w4=0.03",165697889.9,306811195.2
2026-02-21,1.060086,"w1=0.44, w2=0.28, w3=0.25, w4=0.03",166004258.1,303546254.5
2026-02-22,1.043716,"w1=0.44, w2=0.28, w3=0.25, w4=0.03",166292470.9,299135766.28
2026-02-23,1.02265,"w1=0.44, w2=0.28, w3=0.25, w4=0.03",166563088.8,293404182.69
2026-02-24,0.990434,"w1=0.44, w2=0.28, w3=0.25, w4=0.03",165784305.9,282874133.19
2026-02-25,1.001809,"w1=0.44, w2=0.28, w3=0.25, w4=0.03",165925310.0,286309396.05
2026-02-26,1.070912,"w1=0.44, w2=0.28, w3=0.25, w4=0.03",166000743.1,306854783.57
2026-02-27,1.098686,"w1=0.44, w2=0.28, w3=0.25, w4=0.03",166027456.5,315616272.64
2026-02-28,1.090164,"w1=0.44, w2=0.28, w3=0.25, w4=0.03",166019387.5,312895938.62
2026-03-01,1.089891,"w1=0.44, w2=0.28, w3=0.25, w4=0.03",165987376.3,312749441.42
2026-03-02,1.079554,"w1=0.44, w2=0.28, w3=0.25, w4=0.03",165860900.5,309272340.84
2026-03-03,1.074648,"w1=0.44, w2=0.28, w3=0.25, w4=0.03",165717043.6,307482724.4
2026-03-04,1.056846,"w1=0.44, w2=0.28, w3=0.25, w4=0.03",165570334.1,301771872.11
2026-03-05,1.037862,"w1=0.44, w2=0.28, w3=0.25, w4=0.03",165433812.8,295858655.84
2026-03-06,1.016176,"w1=0.44, w2=0.28, w3=0.25, w4=0.03",165315446.8,289341856.98
2026-03-07,0.997149,"w1=0.44, w2=0.28, w3=0.25, w4=0.03",165219555.8,283782975.25
2026-03-08,1.034265,"w1=0.44, w2=0.28, w3=0.25, w4=0.03",165147668.2,294290424.09
2026-03-09,1.105,"w1=0.44, w2=0.28, w3=0.25, w4=0.03",165099559.7,315863795.69
2026-03-10,1.117441,"w1=0.44, w2=0.28, w3=0.25, w4=0.03",165073702.1,319823368.55
2026-03-11,1.101385,"w1=0.44, w2=0.28, w3=0.25, w4=0.03",165067976.4,314650039.93
2026-03-12,1.074584,"w1=0.44, w2=0.28, w3=0.25, w4=0.03",165079774.3,306280581.84
2026-03-13,1.077093,"w1=0.44, w2=0.28, w3=0.25, w4=0.03",165106446.9,307104042.08
2026-03-14,1.075016,"w1=0.44, w2=0.28, w3=0.25, w4=0.03",165145406.4,306535475.08
2026-03-15,1.061814,"w1=0.44, w2=0.28, w3=0.25, w4=0.03",165194166.9,302588550.85
2026-03-16,1.043511,"w1=0.44, w2=0.28, w3=0.25, w4=0.03",165250527.8,297200647.89
2026-03-17,1.022764,"w1=0.44, w2=0.28, w3=0.25, w4=0.03",165312471.8,291234162.86
2026-03-18,0.998481,"w1=0.44, w2=0.28, w3=0.25, w4=0.03",165378246.6,284429183.65
2026-03-19,1.044647,"w1=0.44, w2=0.28, w3=0.25, w4=0.03",165446425.8,297890569.02
2026-03-20,1.10357,"w1=0.44, w2=0.28, w3=0.25, w4=0.03",165515684.9,316201829.83
2026-03-21,1.10933,"w1=0.44, w2=0.28, w3=0.25, w4=0.03",165585025.5,318185186.92
2026-03-22,1.091791,"w1=0.44, w2=0.28, w3=0.25, w4=0.03",165653571.4,312719581.01
2026-03-23,1.077156,"w1=0.44, w2=0.28, w3=0.25, w4=0.03",165720629.9,308265982.53
2026-03-24,1.086617,"w1=0.44, w2=0.28, w3=0.25, w4=0.03",165785650.7,311339516.99
2026-03-25,1.080521,"w1=0.44, w2=0.28, w3=0.25, w4=0.03",165848226.4,309549910.38
2026-03-26,1.079129,"w1=0.44, w2=0.28, w3=0.25, w4=0.03",164436025.2,306484309.6
2026-03-27,1.066616,"w1=0.44, w2=0.28, w3=0.25, w4=0.03",164389974.7,302569296.78
2026-03-28,1.04513,"w1=0.44, w2=0.28, w3=0.25, w4=0.03",164275785.8,295925468.87
2026-03-29,1.033123,"w1=0.44, w2=0.28, w3=0.25, w4=0.03",164115159.3,292118161.28
2026-03-30,1.089408,"w1=0.44, w2=0.28, w3=0.25, w4=0.03",163925700.3,308714397.59
2026-03-31,1.141369,"w1=0.44, w2=0.28, w3=0.25, w4=0.03",163720429.3,325023409.82
2026-04-01,1.158335,"w1=0.44, w2=0.28, w3=0.25, w4=0.03",163508719.3,330284086.75
2026-04-02,1.134662,"w1=0.44, w2=0.28, w3=0.25, w4=0.03",163229461.9,321839437.99
2026-04-03,1.119838,"w1=0.44, w2=0.28, w3=0.25, w4=0.03",162953770.3,316485625.14
2026-04-04,1.128675,"w1=0.44, w2=0.28, w3=0.25, w4=0.03",162689448.6,318824500.56
2026-04-05,1.122336,"w1=0.44, w2=0.28, w3=0.25, w4=0.03",162445503.3,316300366.59
2026-04-06,1.114115,"w1=0.44, w2=0.28, w3=0.25, w4=0.03",162227334.1,313249389.99
2026-04-07,1.101143,"w1=0.44, w2=0.28, w3=0.25, w4=0.03",162037650.9,308798070.58
2026-04-08,1.082576,"w1=0.44, w2=0.28, w3=0.25, w4=0.03",161877309.7,302764272.41
2026-04-09,1.072617,"w1=0.44, w2=0.28, w3=0.25, w4=0.03",161745780.6,299502079.5
2026-04-10,1.139961,"w1=0.44, w2=0.28, w3=0.25, w4=0.03",161641698.3,320435848.65
2026-04-11,1.19442,"w1=0.44, w2=0.28, w3=0.25, w4=0.03",161563106.8,338692848.97
2026-04-12,1.19324,"w1=0.44, w2=0.28, w3=0.25, w4=0.03",161507662.9,338164485.81
2026-04-13,1.172992,"w1=0.44, w2=0.28, w3=0.25, w4=0.03",161472880.5,331114323.89
2026-04-14,1.157311,"w1=0.44, w2=0.28, w3=0.25, w4=0.03",161456212.7,325796136.41
2026-04-15,1.152812,"w1=0.44, w2=0.28, w3=0.25, w4=0.03",161455275.4,324297090.42
2026-04-16,1.138211,"w1=0.44, w2=0.28, w3=0.25, w4=0.03",161467664.2,319519862.54
2026-04-17,1.125897,"w1=0.44, w2=0.28, w3=0.25, w4=0.03",161491259.9,315583026.4
2026-04-18,1.10535,"w1=0.44, w2=0.28, w3=0.25, w4=0.03",161524065.8,309132797.66
2026-04-19,1.075872,"w1=0.44, w2=0.28, w3=0.25, w4=0.03",161564247.9,300146556.1
2026-04-20,1.094867,"w1=0.44, w2=0.28, w3=0.25, w4=0.03",161610216.9,306035705.08
2026-04-21,1.172758,"w1=0.44, w2=0.28, w3=0.25, w4=0.03",161660587.2,331419524.42
2026-04-22,1.196049,"w1=0.44, w2=0.28, w3=0.25, w4=0.03",161714095.4,339580047.16
2026-04-23,1.180604,"w1=0.44, w2=0.28, w3=0.25, w4=0.03",161769641.2,334330173.22
2026-04-24,1.153334,"w1=0.44, w2=0.28, w3=0.25, w4=0.03",161826348.5,325216102.35
2026-04-25,1.144419,"w1=0.44, w2=0.28, w3=0.25, w4=0.03",162423710.9,323454890.75
2026-04-26,1.139385,"w1=0.44, w2=0.28, w3=0.25, w4=0.03",162515180.2,321978132.76
2026-04-27,1.123628,"w1=0.44, w2=0.28, w3=0.25, w4=0.03",162629297.7,317074428.45
2026-04-28,1.106805,"w1=0.44, w2=0.28, w3=0.25, w4=0.03",162757515.7,311952780.94
2026-04-29,1.085846,"w1=0.44, w2=0.28, w3=0.25, w4=0.03",162892692.2,305668954.74
2026-04-30,1.055938,"w1=0.44, w2=0.28, w3=0.25, w4=0.03",163029539.6,296870978.33
2026-05-01,1.096252,"w1=0.44, w2=0.28, w3=0.25, w4=0.03",163164216.9,309411124.06
2026-05-02,1.17247,"w1=0.44, w2=0.28, w3=0.25, w4=0.03",163260739.5,334600946.45
2026-05-03,1.179767,"w1=0.44, w2=0.28, w3=0.25, w4=0.03",163346829.5,337299049.65
2026-05-04,1.160687,"w1=0.44, w2=0.28, w3=0.25, w4=0.03",163426236.0,330914093.31
2026-05-05,1.137347,"w1=0.44, w2=0.28, w3=0.25, w4=0.03",163502861.1,323262212.53
2026-05-06,1.139653,"w1=0.44, w2=0.28, w3=0.25, w4=0.03",163579201.0,324174823.9
2026-05-07,1.128615,"w1=0.44, w2=0.28, w3=0.25, w4=0.03",163656671.8,320700392.78
2026-05-08,1.112774,"w1=0.44, w2=0.28, w3=0.25, w4=0.03",163735945.8,315732604.86
2026-05-09,1.094776,"w1=0.44, w2=0.28, w3=0.25, w4=0.03",163817074.1,310186239.29
2026-05-10,1.071782,"w1=0.44, w2=0.28, w3=0.25, w4=0.03",163899669.6,303235854.83
2026-05-11,1.054896,"w1=0.44, w2=0.28, w3=0.25, w4=0.03",163983171.7,298296238.18
2026-05-12,1.107287,"w1=0.44, w2=0.28, w3=0.25, w4=0.03",164066806.3,314615837.98
2026-05-13,1.157061,"w1=0.44, w2=0.28, w3=0.25, w4=0.03",164149860.2,331146736.61
2026-05-14,1.151482,"w1=0.44, w2=0.28, w3=0.25, w4=0.03",164231589.6,329424983.41
2026-05-15,1.13062,"w1=0.44, w2=0.28, w3=0.25, w4=0.03",164311271.2,322641080.57
2026-05-16,1.114679,"w1=0.44, w2=0.28, w3=0.25, w4=0.03",164388344.6,317603850.19
2026-05-17,1.117084,"w1=0.44, w2=0.28, w3=0.25, w4=0.03",164462331.0,318523387.28
2026-05-18,1.098159,"w1=0.44, w2=0.28, w3=0.25, w4=0.03",164532802.5,312608351.3
2026-05-19,1.080246,"w1=0.44, w2=0.28, w3=0.25, w4=0.03",164599524.8,307134203.7
2026-05-20,1.059156,"w1=0.44, w2=0.28, w3=0.25, w4=0.03",164662243.1,300811899.01
2026-05-21,1.028148,"w1=0.44, w2=0.28, w3=0.25, w4=0.03",164720916.7,291748693.0
2026-05-22,1.036768,"w1=0.44, w2=0.28, w3=0.25, w4=0.03",164775433.6,294360124.76
2026-05-23,1.105032,"w1=0.44, w2=0.28, w3=0.25, w4=0.03",164825875.1,315350407.45
2026-05-24,1.141963,"w1=0.44, w2=0.28, w3=0.25, w4=0.03",164872251.6,327508575.33
2026-05-25,1.117336,"w1=0.44, w2=0.28, w3=0.25, w4=0.03",168282564.9,326005647.82
2026-05-26,1.095973,"w1=0.44, w2=0.28, w3=0.25, w4=0.03",168528873.8,319494130.99
2026-05-27,1.081517,"w1=0.44, w2=0.28, w3=0.25, w4=0.03",168907170.4,315575664.14
2026-05-28,1.079018,"w1=0.44, w2=0.28, w3=0.25, w4=0.03",169371281.8,315647627.63
2026-05-29,1.065497,"w1=0.44, w2=0.28, w3=0.25, w4=0.03",169882044.8,312326878.25
2026-05-30,1.046034,"w1=0.44, w2=0.28, w3=0.25, w4=0.03",170409852.6,307252572.25
2026-05-31,1.023493,"w1=0.44, w2=0.28, w3=0.25, w4=0.03",170933503.6,301354938.9
2026-06-01,1.007221,"w1=0.44, w2=0.28, w3=0.25, w4=0.03",171438612.2,297409650.14
2026-06-02,1.027248,"w1=0.44, w2=0.28, w3=0.25, w4=0.03",171886402.2,304167690.59
2026-06-03,1.097476,"w1=0.44, w2=0.28, w3=0.25, w4=0.03",172302201.3,327144077.06
2026-06-04,1.109578,"w1=0.44, w2=0.28, w3=0.25, w4=0.03",172685612.3,331912964.06
2026-06-05,1.092847,"w1=0.44, w2=0.28, w3=0.25, w4=0.03",173039691.6,327011493.75
2026-06-06,1.071363,"w1=0.44, w2=0.28, w3=0.25, w4=0.03",173367047.4,320616739.98
2026-06-07,1.071116,"w1=0.44, w2=0.28, w3=0.25, w4=0.03",173669849.7,321097037.45
2026-06-08,1.071529,"w1=0.44, w2=0.28, w3=0.25, w4=0.03",173949922.2,321748338.18
2026-06-09,1.06172,"w1=0.44, w2=0.28, w3=0.25, w4=0.03",174208640.3,319070425.8
2026-06-10,1.047696,"w1=0.44, w2=0.28, w3=0.25, w4=0.03",174447094.2,315054396.35
2026-06-11,1.029598,"w1=0.44, w2=0.28, w3=0.25, w4=0.03",174666200.8,309809917.31
2026-06-12,1.008271,"w1=0.44, w2=0.28, w3=0.25, w4=0.03",174866785.2,303672094.36
2026-06-13,1.041438,"w1=0.44, w2=0.28, w3=0.25, w4=0.03",175049530.3,314173482.9
2026-06-14,1.104525,"w1=0.44, w2=0.28, w3=0.25, w4=0.03",175215250.9,335055675.92
2026-06-15,1.116857,"w1=0.44, w2=0.28, w3=0.25, w4=0.03",175364680.6,339560312.34
2026-06-16,1.107624,"w1=0.44, w2=0.28, w3=0.25, w4=0.03",175498695.6,336652637.65
2026-06-17,1.095776,"w1=0.44, w2=0.28, w3=0.25, w4=0.03",175618100.9,332867501.09
2026-06-18,1.098213,"w1=0.44, w2=0.28, w3=0.25, w4=0.03",175723813.2,333889228.26
2026-06-19,1.09167,"w1=0.44, w2=0.28, w3=0.25, w4=0.03",175816719.1,331864957.97
2026-06-20,1.079719,"w1=0.44, w2=0.28, w3=0.25, w4=0.03",175897837.2,328042185.09
2026-06-21,1.059175,"w1=0.44, w2=0.28, w3=0.25, w4=0.03",175968013.2,321471873.42
2026-06-22,1.036754,"w1=0.44, w2=0.28, w3=0.25, w4=0.03",176028245.6,314458122.67
2026-06-23,1.016433,"w1=0.44, w2=0.28, w3=0.25, w4=0.03",176079420.7,308259939.23
2026-06-24,1.067615,"w1=0.44, w2=0.28, w3=0.25, w4=0.03",174725546.8,321915135.43
2026-06-25,1.123034,"w1=0.44, w2=0.28, w3=0.25, w4=0.03",174673872.4,340351840.13
2026-06-26,1.128732,"w1=0.44, w2=0.28, w3=0.25, w4=0.03",174558267.4,342103818.3
2026-06-27,1.113834,"w1=0.44, w2=0.28, w3=0.25, w4=0.03",174399148.7,336656302.01
2026-06-28,1.098653,"w1=0.44, w2=0.28, w3=0.25, w4=0.03",174213907.6,331167571.84
2026-06-29,1.105788,"w1=0.44, w2=0.28, w3=0.25, w4=0.03",174015727.5,333187710.55
2026-06-30,1.096309,"w1=0.44, w2=0.28, w3=0.25, w4=0.03",173814073.3,329625616.31
2026-07-01,1.094966,"w1=0.44, w2=0.28, w3=0.25, w4=0.03",173615557.0,328802685.96
2026-07-02,1.080868,"w1=0.44, w2=0.28, w3=0.25, w4=0.03",173395808.6,323750303.21
2026-07-03,1.059665,"w1=0.44, w2=0.28, w3=0.25, w4=0.03",173186492.8,316545736.94
2026-07-04,1.051095,"w1=0.44, w2=0.28, w3=0.25, w4=0.03",172991491.5,313488731.47
2026-07-05,1.113704,"w1=0.44, w2=0.28, w3=0.25, w4=0.03",172814726.9,333553774.27
2026-07-06,1.161152,"w1=0.44, w2=0.28, w3=0.25, w4=0.03",172658185.8,349774116.71
2026-07-07,1.160495,"w1=0.44, w2=0.28, w3=0.25, w4=0.03",172522479.5,349263906.88
2026-07-08,1.146011,"w1=0.44, w2=0.28, w3=0.25, w4=0.03",172407210.7,343895149.81
2026-07-09,1.13426,"w1=0.44, w2=0.28, w3=0.25, w4=0.03",172311299.4,339606920.22
2026-07-10,1.140942,"w1=0.44, w2=0.28, w3=0.25, w4=0.03",172233196.9,341774257.44
2026-07-11,1.126075,"w1=0.44, w2=0.28, w3=0.25, w4=0.03",172171171.4,336514428.11
2026-07-12,1.108197,"w1=0.44, w2=0.28, w3=0.25, w4=0.03",172123348.2,330369575.49
2026-07-13,1.087753,"w1=0.44, w2=0.28, w3=0.25, w4=0.03",172087934.2,323545401.48
2026-07-14,1.060908,"w1=0.44, w2=0.28, w3=0.25, w4=0.03",172063136.2,314884462.8
2026-07-15,1.082635,"w1=0.44, w2=0.28, w3=0.25, w4=0.03",172047364.9,321804774.65
2026-07-16,1.152972,"w1=0.44, w2=0.28, w3=0.25, w4=0.03",172039132.9,345612278.97
2026-07-17,1.182428,"w1=0.44, w2=0.28, w3=0.25, w4=0.03",172037146.2,356218397.09
2026-07-18,1.171582,"w1=0.44, w2=0.28, w3=0.25, w4=0.03",172040182.2,352272743.47
2026-07-19,1.148951,"w1=0.44, w2=0.28, w3=0.25, w4=0.03",172047252.8,344209946.71
2026-07-20,1.14327,"w1=0.44, w2=0.28, w3=0.25, w4=0.03",172057461.4,342237955.97
2026-07-21,1.14031,"w1=0.44, w2=0.28, w3=0.25, w4=0.03",172070074.3,341230395.43
2026-07-22,1.124804,"w1=0.44, w2=0.28, w3=0.25, w4=0.03",172084429.4,335910334.8
2026-07-23,1.1065,"w1=0.44, w2=0.28, w3=0.25, w4=0.03",172099986.7,329757345.39
2026-07-24,1.084885,"w1=0.44, w2=0.28, w3=0.25, w4=0.03",172099344.9,322632611.28
2026-07-25,1.061684,"w1=0.44, w2=0.28, w3=0.25, w4=0.03",172117418.7,315228890.04
2026-07-26,1.094215,"w1=0.44, w2=0.28, w3=0.25, w4=0.03",172134911.8,325751350.94
2026-07-27,1.169296,"w1=0.44, w2=0.28, w3=0.25, w4=0.03",172151803.7,351674575.41
2026-07-28,1.185276,"w1=0.44, w2=0.28, w3=0.25, w4=0.03",172168165.9,357537020.14
2026-07-29,1.170693,"w1=0.44, w2=0.28, w3=0.25, w4=0.03",172183988.1,352245359.99
2026-07-30,1.152027,"w1=0.44, w2=0.28, w3=0.25, w4=0.03",172199260.2,345599626.13
2026-07-31,1.1538,"w1=0.44, w2=0.28, w3=0.25, w4=0.03",172213941.3,346256742.82
2026-08-01,1.148727,"w1=0.44, w2=0.28, w3=0.25, w4=0.03",172227960.2,344492578.46
2026-08-02,1.127382,"w1=0.44, w2=0.28, w3=0.25, w4=0.03",172211526.7,337041210.33
2026-08-03,1.105643,"w1=0.44, w2=0.28, w3=0.25, w4=0.03",172195826.8,329654739.24
2026-08-04,1.077718,"w1=0.44, w2=0.28, w3=0.25, w4=0.03",172183580.6,320469224.27
2026-08-05,1.077604,"w1=0.44, w2=0.28, w3=0.25, w4=0.03",172177702.0,320421527.36
2026-08-06,1.143997,"w1=0.44, w2=0.28, w3=0.25, w4=0.03",172179607.2,342735283.75
2026-08-07,1.189385,"w1=0.44, w2=0.28, w3=0.25, w4=0.03",172189632.4,359099376.96
2026-08-08,1.185303,"w1=0.44, w2=0.28, w3=0.25, w4=0.03",172207594.1,357628848.69
2026-08-09,1.161253,"w1=0.44, w2=0.28, w3=0.25, w4=0.03",172232809.8,348948509.9
2026-08-10,1.146147,"w1=0.44, w2=0.28, w3=0.25, w4=0.03",172264444.0,343658130.37
2026-08-11,1.148778,"w1=0.44, w2=0.28, w3=0.25, w4=0.03",172301396.5,344657437.24
2026-08-12,1.133274,"w1=0.44, w2=0.28, w3=0.25, w4=0.03",172342668.7,339327625.69
2026-08-13,1.117795,"w1=0.44, w2=0.28, w3=0.25, w4=0.03",172387231.7,334113100.72
2026-08-14,1.095327,"w1=0.44, w2=0.28, w3=0.25, w4=0.03",172433995.4,326684099.05
2026-08-15,1.062673,"w1=0.44, w2=0.28, w3=0.25, w4=0.03",172482134.4,316210222.6
2026-08-16,1.088052,"w1=0.44, w2=0.28, w3=0.25, w4=0.03",172530833.8,324475938.85
2026-08-17,1.173338,"w1=0.44, w2=0.28, w3=0.25, w4=0.03",172579380.4,354015042.71
2026-08-18,1.200964,"w1=0.44, w2=0.28, w3=0.25, w4=0.03",172627193.4,364341728.12
2026-08-19,1.189278,"w1=0.44, w2=0.28, w3=0.25, w4=0.03",172673804.3,360069378.51
2026-08-20,1.158813,"w1=0.44, w2=0.28, w3=0.25, w4=0.03",172718846.1,349059249.69
2026-08-21,1.153876,"w1=0.44, w2=0.28, w3=0.25, w4=0.03",172761982.8,347385666.84
2026-08-22,1.149953,"w1=0.44, w2=0.28, w3=0.25, w4=0.03",172802990.1,346076331.82
2026-08-23,1.147006,"w1=0.44, w2=0.28, w3=0.25, w4=0.03",169543074.5,338526180.2
2026-08-24,1.127489,"w1=0.44, w2=0.28, w3=0.25, w4=0.03",169336254.9,331450003.26
2026-08-25,1.108998,"w1=0.44, w2=0.28, w3=0.25, w4=0.03",168969562.6,324579621.86
2026-08-26,1.089565,"w1=0.44, w2=0.28, w3=0.25, w4=0.03",168498309.3,317376069.52
2026-08-27,1.134113,"w1=0.44, w2=0.28, w3=0.25, w4=0.03",167969085.4,330999294.62
2026-08-28,1.204768,"w1=0.44, w2=0.28, w3=0.25, w4=0.03",167417111.3,354738214.8
2026-08-29,1.203299,"w1=0.44, w2=0.28, w3=0.25, w4=0.03",166867297.0,353036376.84
2026-08-30,1.182299,"w1=0.44, w2=0.28, w3=0.25, w4=0.03",166335729.8,344367353.79
2026-08-31,1.161499,"w1=0.44, w2=0.28, w3=0.25, w4=0.03",165831945.7,336064921.63
2026-09-01,1.173557,"w1=0.44, w2=0.28, w3=0.25, w4=0.03",165360672.0,339283542.97
2026-09-02,1.15803,"w1=0.44, w2=0.28, w3=0.25, w4=0.03",164885526.8,332961153.93
2026-09-03,1.138936,"w1=0.44, w2=0.28, w3=0.25, w4=0.03",164438337.9,325639121.85
2026-09-04,1.122951,"w1=0.44, w2=0.28, w3=0.25, w4=0.03",164023822.5,319573263.66
2026-09-05,1.096885,"w1=0.44, w2=0.28, w3=0.25, w4=0.03",163646330.8,310523941.41
2026-09-06,1.095689,"w1=0.44, w2=0.28, w3=0.25, w4=0.03",163307554.1,309506816.11
2026-09-07,1.164713,"w1=0.44, w2=0.28, w3=0.25, w4=0.03",163007329.4,331431364.21
2026-09-08,1.209742,"w1=0.44, w2=0.28, w3=0.25, w4=0.03",162744118.3,346616578.98
2026-09-09,1.198193,"w1=0.44, w2=0.28, w3=0.25, w4=0.03",162515587.7,342019662.01
2026-09-10,1.169928,"w1=0.44, w2=0.28, w3=0.25, w4=0.03",162318813.6,331802864.73
2026-09-11,1.155196,"w1=0.44, w2=0.28, w3=0.25, w4=0.03",162150678.4,326489576.72
2026-09-12,1.160153,"w1=0.44, w2=0.28, w3=0.25, w4=0.03",162008054.3,327862985.94
2026-09-13,1.147387,"w1=0.44, w2=0.28, w3=0.25, w4=0.03",161887946.1,323367100.7
2026-09-14,1.13659,"w1=0.44, w2=0.28, w3=0.25, w4=0.03",161787582.6,319624095.97
2026-09-15,1.119086,"w1=0.44, w2=0.28, w3=0.25, w4=0.03",161704335.1,313819180.5
2026-09-16,1.087515,"w1=0.44, w2=0.28, w3=0.25, w4=0.03",161635962.4,303821541.58
2026-09-17,1.107346,"w1=0.44, w2=0.28, w3=0.25, w4=0.03",161580426.7,309866456.38
2026-09-18,1.181699,"w1=0.44, w2=0.28, w3=0.25, w4=0.03",161535843.3,334223531.49
2026-09-19,1.212986,"w1=0.44, w2=0.28, w3=0.25, w4=0.03",161500724.7,345126224.06
2026-09-20,1.204765,"w1=0.44, w2=0.28, w3=0.25, w4=0.03",161473603.9,342143522.64
2026-09-21,1.181833,"w1=0.44, w2=0.28, w3=0.25, w4=0.03",161453309.1,334098856.82
2026-09-22,1.181874,"w1=0.44, w2=0.28, w3=0.25, w4=0.03",160659193.0,332469609.84
2026-09-23,1.178759,"w1=0.44, w2=0.28, w3=0.25, w4=0.03",160605684.7,331294959.18
2026-09-24,1.16399,"w1=0.44, w2=0.28, w3=0.25, w4=0.03",160514857.3,326121631.36
2026-09-25,1.146626,"w1=0.44, w2=0.28, w3=0.25, w4=0.03",160397540.6,320140969.58
2026-09-26,1.126194,"w1=0.44, w2=0.28, w3=0.25, w4=0.03",160263535.8,313278471.87
2026-09-27,1.099217,"w1=0.44, w2=0.28, w3=0.25, w4=0.03",160120748.7,304551161.11
2026-09-28,1.129721,"w1=0.44, w2=0.28, w3=0.25, w4=0.03",159975180.3,313839328.36
2026-09-29,1.208436,"w1=0.44, w2=0.28, w3=0.25, w4=0.03",159831089.2,339952312.54
2026-09-30,1.232332,"w1=0.44, w2=0.28, w3=0.25, w4=0.03",159691277.0,348183502.12
2026-10-01,1.224238,"w1=0.44, w2=0.28, w3=0.25, w4=0.03",159557547.3,344977262.26
2026-10-02,1.202073,"w1=0.44, w2=0.28, w3=0.25, w4=0.03",159384124.4,336777209.65
2026-10-03,1.204661,"w1=0.44, w2=0.28, w3=0.25, w4=0.03",159202663.1,337295375.55
2026-10-04,1.196303,"w1=0.44, w2=0.28, w3=0.25, w4=0.03",159017900.8,334005964.66
2026-10-05,1.178828,"w1=0.44, w2=0.28, w3=0.25, w4=0.03",158836276.5,327668314.08
2026-10-06,1.16048,"w1=0.44, w2=0.28, w3=0.25, w4=0.03",158663138.9,321201364.29
2026-10-07,1.135574,"w1=0.44, w2=0.28, w3=0.25, w4=0.03",158502563.3,312810081.66
2026-10-08,1.114594,"w1=0.44, w2=0.28, w3=0.25, w4=0.03",158357351.5,305925379.69
2026-10-09,1.166378,"w1=0.44, w2=0.28, w3=0.25, w4=0.03",158229041.8,322266106.18
2026-10-10,1.235837,"w1=0.44, w2=0.28, w3=0.25, w4=0.03",158118235.4,346013502.3
2026-10-11,1.240521,"w1=0.44, w2=0.28, w3=0.25, w4=0.03",158024748.8,347500038.88
2026-10-12,1.22562,"w1=0.44, w2=0.28, w3=0.25, w4=0.03",157947787.5,341987414.82
2026-10-13,1.210175,"w1=0.44, w2=0.28, w3=0.25, w4=0.03",157886210.2,336420907.77
2026-10-14,1.215002,"w1=0.44, w2=0.28, w3=0.25, w4=0.03",157838651.9,338005928.2
2026-10-15,1.200898,"w1=0.44, w2=0.28, w3=0.25, w4=0.03",157803655.6,333032896.09
2026-10-16,1.186153,"w1=0.44, w2=0.28, w3=0.25, w4=0.03",157779744.0,327953211.06
2026-10-17,1.164708,"w1=0.44, w2=0.28, w3=0.25, w4=0.03",157765460.2,320771794.0
2026-10-18,1.137209,"w1=0.44, w2=0.28, w3=0.25, w4=0.03",157759510.3,311863115.23
2026-10-19,1.137266,"w1=0.44, w2=0.28, w3=0.25, w4=0.03",157760681.9,311883560.49
2026-10-20,1.20408,"w1=0.44, w2=0.28, w3=0.25, w4=0.03",157767813.6,334054595.17
2026-10-21,1.257858,"w1=0.44, w2=0.28, w3=0.25, w4=0.03",157779957.9,353297377.58
2026-10-22,1.260354,"w1=0.44, w2=0.28, w3=0.25, w4=0.03",156435192.2,351201737.85
2026-10-23,1.238055,"w1=0.44, w2=0.28, w3=0.25, w4=0.03",156347859.3,342930431.01
2026-10-24,1.227877,"w1=0.44, w2=0.28, w3=0.25, w4=0.03",156193967.1,338984154.81
2026-10-25,1.231767,"w1=0.44, w2=0.28, w3=0.25, w4=0.03",155992618.5,339919276.68
2026-10-26,1.217497,"w1=0.44, w2=0.28, w3=0.25, w4=0.03",155760552.6,334419836.91
2026-10-27,1.204301,"w1=0.44, w2=0.28, w3=0.25, w4=0.03",155510830.7,329350984.15
2026-10-28,1.184569,"w1=0.44, w2=0.28, w3=0.25, w4=0.03",155253212.9,322175427.68
2026-10-29,1.157634,"w1=0.44, w2=0.28, w3=0.25, w4=0.03",154994759.6,312861318.49
2026-10-30,1.17544,"w1=0.44, w2=0.28, w3=0.25, w4=0.03",154740208.5,318107893.87
2026-10-31,1.26368,"w1=0.44, w2=0.28, w3=0.25, w4=0.03",154492676.9,348049910.59
2026-11-01,1.305086,"w1=0.44, w2=0.28, w3=0.25, w4=0.03",154254161.9,362966709.2
2026-11-02,1.293124,"w1=0.44, w2=0.28, w3=0.25, w4=0.03",153973753.2,357768789.2
2026-11-03,1.269298,"w1=0.44, w2=0.28, w3=0.25, w4=0.03",153691327.2,348287726.79
2026-11-04,1.262494,"w1=0.44, w2=0.28, w3=0.25, w4=0.03",153413598.0,345190169.65
2026-11-05,1.258727,"w1=0.44, w2=0.28, w3=0.25, w4=0.03",153147055.4,343235218.99
2026-11-06,1.238538,"w1=0.44, w2=0.28, w3=0.25, w4=0.03",152895988.6,335527910.64
2026-11-07,1.220377,"w1=0.44, w2=0.28, w3=0.25, w4=0.03",152663036.3,328750278.4
2026-11-08,1.196199,"w1=0.44, w2=0.28, w3=0.25, w4=0.03",152449543.4,320175200.49
2026-11-09,1.17253,"w1=0.44, w2=0.28, w3=0.25, w4=0.03",152255988.8,312066080.76
2026-11-10,1.20731,"w1=0.44, w2=0.28, w3=0.25, w4=0.03",152082127.8,323093856.99
2026-11-11,1.293311,"w1=0.44, w2=0.28, w3=0.25, w4=0.03",151927298.3,353083199.13
2026-11-12,1.309389,"w1=0.44, w2=0.28, w3=0.25, w4=0.03",151790400.0,358794968.97
2026-11-13,1.293365,"w1=0.44, w2=0.28, w3=0.25, w4=0.03",151670322.4,352506016.09
2026-11-14,1.264769,"w1=0.44, w2=0.28, w3=0.25, w4=0.03",151565740.9,341845414.91
2026-11-15,1.266894,"w1=0.44, w2=0.28, w3=0.25, w4=0.03",151475300.7,342402484.58
2026-11-16,1.257036,"w1=0.44, w2=0.28, w3=0.25, w4=0.03",151397738.2,338715252.8
2026-11-17,1.24412,"w1=0.44, w2=0.28, w3=0.25, w4=0.03",151331780.0,334032801.21
2026-11-18,1.229641,"w1=0.44, w2=0.28, w3=0.25, w4=0.03",151276213.8,328913870.05
2026-11-19,1.206343,"w1=0.44, w2=0.28, w3=0.25, w4=0.03",151229949.4,320962047.98
2026-11-20,1.188551,"w1=0.44, w2=0.28, w3=0.25, w4=0.03",151191937.4,315037895.79
2026-11-21,1.230229,"w1=0.44, w2=0.28, w3=0.25, w4=0.03",154851116.8,336892553.62
2026-11-22,1.290723,"w1=0.44, w2=0.28, w3=0.25, w4=0.03",155092841.0,359459700.85
2026-11-23,1.284874,"w1=0.44, w2=0.28, w3=0.25, w4=0.03",155531706.2,358266635.61
2026-11-24,1.254785,"w1=0.44, w2=0.28, w3=0.25, w4=0.03",156114570.8,348447291.86
2026-11-25,1.228135,"w1=0.44, w2=0.28, w3=0.25, w4=0.03",156795058.4,340379955.09
2026-11-26,1.231412,"w1=0.44, w2=0.28, w3=0.25, w4=0.03",157536185.8,343156088.31
2026-11-27,1.213104,"w1=0.44, w2=0.28, w3=0.25, w4=0.03",158310068.3,338349178.47
2026-11-28,1.192391,"w1=0.44, w2=0.28, w3=0.25, w4=0.03",159096359.8,332823970.93
2026-11-29,1.168272,"w1=0.44, w2=0.28, w3=0.25, w4=0.03",159881021.3,326264390.61
2026-11-30,1.133163,"w1=0.44, w2=0.28, w3=0.25, w4=0.03",160654750.9,316279365.56
2026-12-01,1.143102,"w1=0.44, w2=0.28, w3=0.25, w4=0.03",161411700.6,321007493.94
2026-12-02,1.211767,"w1=0.44, w2=0.28, w3=0.25, w4=0.03",162099085.5,345967669.51
2026-12-03,1.248417,"w1=0.44, w2=0.28, w3=0.25, w4=0.03",162750974.9,360852140.81
2026-12-04,1.236569,"w1=0.44, w2=0.28, w3=0.25, w4=0.03",163371586.7,357782078.23
2026-12-05,1.203305,"w1=0.44, w2=0.28, w3=0.25, w4=0.03",163966585.4,346901576.73
2026-12-06,1.188229,"w1=0.44, w2=0.28, w3=0.25, w4=0.03",164540372.3,342738158.41
2026-12-07,1.187895,"w1=0.44, w2=0.28, w3=0.25, w4=0.03",165096197.6,343777547.1
2026-12-08,1.168353,"w1=0.44, w2=0.28, w3=0.25, w4=0.03",165636455.3,338037442.25
2026-12-09,1.15201,"w1=0.44, w2=0.28, w3=0.25, w4=0.03",166162592.2,333478383.63
2026-12-10,1.131758,"w1=0.44, w2=0.28, w3=0.25, w4=0.03",166675443.8,327662907.81
2026-12-11,1.110114,"w1=0.44, w2=0.28, w3=0.25, w4=0.03",167175417.6,321496634.62
2026-12-12,1.140367,"w1=0.44, w2=0.28, w3=0.25, w4=0.03",167662503.3,332509127.96
2026-12-13,1.210344,"w1=0.44, w2=0.28, w3=0.25, w4=0.03",168136497.2,358324735.06
2026-12-14,1.212064,"w1=0.44, w2=0.28, w3=0.25, w4=0.03",168597093.7,359947091.5
2026-12-15,1.192193,"w1=0.44, w2=0.28, w3=0.25, w4=0.03",169043956.6,353561748.79
2026-12-16,1.170478,"w1=0.44, w2=0.28, w3=0.25, w4=0.03",169476810.7,346630592.44
2026-12-17,1.172384,"w1=0.44, w2=0.28, w3=0.25, w4=0.03",169895350.5,348167733.16
2026-12-18,1.161155,"w1=0.44, w2=0.28, w3=0.25, w4=0.03",170299423.1,344996753.0
2026-12-19,1.144336,"w1=0.44, w2=0.28, w3=0.25, w4=0.03",170688977.6,339885746.48
2026-12-20,1.124614,"w1=0.44, w2=0.28, w3=0.25, w4=0.03",171064034.3,333853997.39
2026-12-21,1.096502,"w1=0.44, w2=0.28, w3=0.25, w4=0.03",171848074.3,325960810.72
2026-12-22,1.0742,"w1=0.44, w2=0.28, w3=0.25, w4=0.03",172245045.8,319451304.53
2026-12-23,1.115613,"w1=0.44, w2=0.28, w3=0.25, w4=0.03",172650412.3,333882767.57
2026-12-24,1.173071,"w1=0.44, w2=0.28, w3=0.25, w4=0.03",173059996.6,354903536.46
2026-12-25,1.173433,"w1=0.44, w2=0.28, w3=0.25, w4=0.03",173469968.2,355876666.96
2026-12-26,1.150531,"w1=0.44, w2=0.28, w3=0.25, w4=0.03",173877127.8,348433439.46
2026-12-27,1.135504,"w1=0.44, w2=0.28, w3=0.25, w4=0.03",174279091.4,343921041.32
2026-12-28,1.143293,"w1=0.44, w2=0.28, w3=0.25, w4=0.03",174674086.4,347450821.79
2026-12-29,1.131322,"w1=0.44, w2=0.28, w3=0.25, w4=0.03",175060849.3,343994760.91
2026-12-30,1.113436,"w1=0.44, w2=0.28, w3=0.25, w4=0.03",175438483.6,338525898.11
2026-12-31,1.092287,"w1=0.44, w2=0.28, w3=0.25, w4=0.03",175806541.1,332052506.89
